KB Amboori,for more info contact 9383470109 kbamboortvm.agri@kerala.gov.in

KB Arayancode,for more info contact 9383470112 kbarycodtvm.agri@kerala.gov.in

KB Kallikadu,for more info contact 9383470113 kbkalkadtvm.agri@kerala.gov.in

KB Kollayil,for more info, contact 9383470114 kbkolayltvm.agri@kerala.gov.in

KB Kunnathukal,for more info, contact 9383470115 kbkunkaltvm.agri@kerala.gov.in

KB Ottasekharamangalam,for more info contact 9383470116 kbotsmgmtvm.agri@kerala.gov.in

KB Perumkadavila,for more info contact 9383470117 kbpmkvlatvm.agri@kerala.gov.in

KB Perumpazhuthoor,for more info contact 9383470118 kbprmpzrtvm.agri@kerala.gov.in

KB Vellarada,for more info contact 9383470119 kbvlardatvm.agri@kerala.gov.in

KB Anchuthengu ,for more info contact 9383470179 kbanchgutvm.agri@kerala.gov.in


Krishibhavan Name
Phone
Email

KB Anchuthengu
9383470179
kbanchgutvm.agri@kerala.gov.in

KB Attingal Muncipality
9383470180
kbattngltvm.agri@kerala.gov.in

KB Azhoor
9383470181
kbazhoortvm.agri@kerala.gov.in

KB Chirayinkil
9383470182
kbchykiltvm.agri@kerala.gov.in

KB Kadakkavoor
9383470183
kbkdkkvrtvm.agri@kerala.gov.in

KB Kizhuvilam
9383470184
kbkzhvlmtvm.agri@kerala.gov.in

KB Mudakkal
9383470185
kbmdakaltvm.agri@kerala.gov.in

KB Vakkom
9383470186
kbvakkomtvm.agri@kerala.gov.in



Krishibhavan Name
Phone
Email

KB Aryanadu
9383470160
kbarynadtvm.agri@kerala.gov.in

KB Kattakada
9383470161
kbkatkdatvm.agri@kerala.gov.in

KB Kuttichal
9383470162
kbkutchltvm.agri@kerala.gov.in

KB Poovachal
9383470163
kbpovchltvm.agri@kerala.gov.in

KB Tholicode
9383470164
kbtholcdtvm.agri@kerala.gov.in

KB Uzhamalakkal
9383470165
kbuzhmkltvm.agri@kerala.gov.in

KB Vellanadu
9383470166
kbvlnadutvm.agri@kerala.gov.in

KB Vithura
9383470167
kbvthuratvm.agri@kerala.gov.in

BLOCK: KAZAKUTTOM


Krishibhavan Name
Phone
Email

KB Andoorkonam
9383470169
kbadrknmtvm.agri@kerala.gov.in

KB Attipra
9383470170
kbatipratvm.agri@kerala.gov.in

KB Kadakampally
9383470171
kbkdkmlytvm.agri@kerala.gov.in

KB kadinamkulam
9383470172
kbkdnklmtvm.agri@kerala.gov.in

KB Kazhakuttom
9383470173
kbkzhktmtvm.agri@kerala.gov.in

KB Mangalapuram
9383470174
kbmglpmtvm.agri@kerala.gov.in

KB Pothencode
9383470175
kbpthncdtvm.agri@kerala.gov.in

KB Sreekaryam
9383470176
kbsrkyamtvm.agri@kerala.gov.in

KB Ulloor
9383470177
kbulloortvm.agri@kerala.gov.in

BLOCK: NEDUMANGAD


Krishibhavan Name
Phone
Email

KB Anad
9383470151
kbanadtvm.agri@kerala.gov.in

KB Aruvikkara
9383470152
kbavkrtvm.agri@kerala.gov.in

KB Karakulam
9383470153
kbkrkklmtvm.agri@kerala.gov.in

KB Kudappanakunnu
9383470154
kbkdpknutvm.agri@kerala.gov.in

KB Nedumangad Muncipality
9383470155
kbnddtvm.agri@kerala.gov.in

KB Panavoor
9383470156
kbpnvoortvm.agri@kerala.gov.in

KB Vattiyoorkavu
9383470157
kbvtyrkvtvm.agri@kerala.gov.in

KB Vembayam
9383470158
kbvmbyamtvm.agri@kerala.gov.in

BLOCK: NEYYATTINKARA


Krishibhavan Name
Phone
Email

KB Athiyanoor
9383470121
kbathynrtvm.agri@kerala.gov.in

KB Kanjiramkulam
9383470122
kbknjklmtvm.agri@kerala.gov.in

KB Karumkulam
9383470124
kbkmklmtvm.agri@kerala.gov.in

KB Kottukal
9383470125
kbkotkaltvm.agri@kerala.gov.in

KB Neyyattinkara Municipality
9383470126
kbnytkratvm.agri@kerala.gov.in

KB Thiruvallom
9383470127
kbthrvlmtvm.agri@kerala.gov.in

KB Venganoor
9383470128
kbvngnrtvm.agri@kerala.gov.in

KB Vizhinjam
9383470129
kbvzhnjmtvm.agri@kerala.gov.in

BLOCK: PALLICHAL


Krishibhavan Name
Phone
Email

KB Balaramapuram
9383470131
kbblmprmtvm.agri@kerala.gov.in

KB Kalliyoor
9383470132
kbkalyortvm.agri@kerala.gov.in

KB Malayinkeezh
9383470133
kbmlynkztvm.agri@kerala.gov.in

KB Maranalloor
9383470134
kbmrnlortvm.agri@kerala.gov.in

KB Nemom
9383470135
kbnemomtvm.agri@kerala.gov.in

KB Pallichal
9383470136
kbpalchltvm.agri@kerala.gov.in

KB Thiruvananthapuram Corporation
9383470137
kbtvmcrptvm.agri@kerala.gov.in

KB Vilappil
9383470138
kbvilppltvm.agri@kerala.gov.in

KB Vilavoorkal
9383470139
kbvlvrkltvm.agri@kerala.gov.in

BLOCK: PARASSALA


Krishibhavan Name
Phone
Email

KB Chenkal
9383470097
kbchnkaltvm.agri@kerala.gov.in

KB Karode
9383470098
kbkarodetvm.agri@kerala.gov.in

KB Kulathur
9383470103
kbkltrtvm.agri@kerala.gov.in

KB Parassala
9383470104
kbpraslatvm.agri@kerala.gov.in

KB Poovar
9383470105
kbpoovartvm.agri@kerala.gov.in

KB Thirupuram
9383470106
kbthrprmtvm.agri@kerala.gov.in

BLOCK: PULIMATH


Krishibhavan Name
Phone
Email

KB Karavaram
9383470197
kbkarvrmtvm.agri@kerala.gov.in

KB Kilimanoor
9383470198
kbklmnortvm.agri@kerala.gov.in

KB Madavoor
9383470199
kbmdavortvm.agri@kerala.gov.in

KB Nagaroor
9383470201
kbngarortvm.agri@kerala.gov.in

KB Navaikulam
9383470204
kbnviklmtvm.agri@kerala.gov.in

KB Pallickal
9383470205
kbplckaltvm.agri@kerala.gov.in

KB Pazhayakunnummel
9383470206
kbpzykmltvm.agri@kerala.gov.in

KB Pulimath
9383470207
kbplmttvm.agri@kerala.gov.in

BLOCK: VAMANAPURAM


Krishibhavan Name
Phone
Email

KB Kallara
9383470141
kbkalaratvm.agri@kerala.gov.in

KB Manickal
9383470142
kbmanckltvm.agri@kerala.gov.in

KB Nanniyode
9383470143
kbnanydetvm.agri@kerala.gov.in

KB Nellanad
9383470144
kbnelnadtvm.agri@kerala.gov.in

KB Pangode
9383470145
kbpangdetvm.agri@kerala.gov.in

KB Peringamala
9383470146
kbpngmltvm.agri@kerala.gov.in

KB Pullampara
9383470147
kbpulpratvm.agri@kerala.gov.in

KB Vamanapuram
9383470148
kbvmnprmtvm.agri@kerala.gov.in

BLOCK: VARKKALA


Krishibhavan Name
Phone
Email

KB Chemmaruthi
9383470188
kbchmrtitvm.agri@kerala.gov.in

KB Cherunniyoor
9383470189
kbchrnyrtvm.agri@kerala.gov.in

KB Edava
9383470190
kbedavatvm.agri@kerala.gov.in

KB Elakamon
9383470191
kbelkmntvm.agri@kerala.gov.in

KB Manampoor
9383470192
kbmnmportvm.agri@kerala.gov.in

KB Ottoor
9383470193
kbottoortvm.agri@kerala.gov.in

KB Varkala Municipality
9383470194
kbvrkalatvm.agri@kerala.gov.in

KB Vettoor
9383470195
kbvettortvm.agri@kerala.gov.in

BLOCK: ANCHAL


Krishibhavan Name
Phone
Email

KB Alayamon
9383478954
kbalymonklm.agri@kerala.gov.in

KB Anchal
9383478962
kbanchalklm.agri@kerala.gov.in

KB Aryankavu
9383478912
kbarykavklm.agri@kerala.gov.in

KB Edamulackal
9383478956
kbedmcklklm.agri@kerala.gov.in

KB Karavaloor
9383478910
kbkrvlorklm.agri@kerala.gov.in

KB Kulathupuzha
9383478952
kbkulpzaklm.agri@kerala.gov.in

KB Thenmala
9383478958
kbthnmlaklm.agri@kerala.gov.in

KB Yeroor
9383478950
kbyeroorklm.agri@kerala.gov.in

BLOCK: CHADAYAMANGALAM


Krishibhavan Name
Phone
Email

KB Chadayamangalam
9383470322
kbchymlmklm.agri@kerala.gov.in

KB Chithara
9383470323
kbchthrklm.agri@kerala.gov.in

KB Elamad
9383470324
kbelamadklm.agri@kerala.gov.in

KB Ittiva
9383470325
kbittivaklm.agri@kerala.gov.in

KB Kadakkal
9383470326
kbkdakalklm.agri@kerala.gov.in

KB Kummil
9383470327
kbkummilklm.agri@kerala.gov.in

KB Nilamel
9383470328
kbnilmelklm.agri@kerala.gov.in

KB Velinalloor
9383470329
kbvlnlorklm.agri@kerala.gov.in

BLOCK: CHATHANNOOR


Krishibhavan Name
Phone
Email

KB Adichanalloor
9383470217
kbadcnlrklm.agri@kerala.gov.in

KB Chathannoor
9383470215
kbchtnrklm.agri@kerala.gov.in

KB Chirakkara
9383470213
kbchrkraklm.agri@kerala.gov.in

KB Kalluvathukkal
9383470210
kbkalvklklm.agri@kerala.gov.in

KB Nedumpana
9383470208
kbndmpnaklm.agri@kerala.gov.in

KB Paravoor
9383470224
kbpravorklm.agri@kerala.gov.in

KB Poothakulam
9383470219
kbpotklmklm.agri@kerala.gov.in

BLOCK: CHAVARA


Krishibhavan Name
Phone
Email

KB Chavara
9383470346
kbchavraklm.agri@kerala.gov.in

KB Neendakara
9383470344
kbnedkraklm.agri@kerala.gov.in

KB Panmana
9383470341
kbpanmnaklm.agri@kerala.gov.in

KB Thekkumbhagam
9383470342
kbtkmbgmklm.agri@kerala.gov.in

KB Thevalakkara
9383470340
kbtvlkraklm.agri@kerala.gov.in

BLOCK: ERAVIPURAM


Krishibhavan Name
Phone
Email

KB Elampalloor
9383470239
kbelmplrklm.agri@kerala.gov.in

KB Eravipuram
9383470242
kbervprmklm.agri@kerala.gov.in

KB Kilikolloor
9383470243
kbklklorklm.agri@kerala.gov.in

KB Kollam
9383470244
kbkollamklm.agri@kerala.gov.in

KB kottamkara
9383470406
kbktmkraklm.agri@kerala.gov.in

KB Mayyanad
9383470246
kbmaynadklm.agri@kerala.gov.in

KB Sakthikulangara
9383470247
kbsklgraklm.agri@kerala.gov.in

KB Thrikkovilvattom
9383470248
kbtrkvtmklm.agri@kerala.gov.in

KB Vadakkevila
9383470249
kbvdkvlaklm.agri@kerala.gov.in

BLOCK: KOTTARAKKARA

KB Ezhukone
9383470356
kbezhkneklm.agri@kerala.gov.in

KB Kareepra
9383470352
kbkarpraklm.agri@kerala.gov.in

KB Kottarakkara
9383470354
kbktrkraklm.agri@kerala.gov.in

KB Neduvathur
9383470350
kbndvtrklm.agri@kerala.gov.in

KB Pooyappally
9383470358
kbpoyplyklm.agri@kerala.gov.in

KB Veliyam
9383470360
kbvelvymklm.agri@kerala.gov.in

BLOCK: KUNDARA   


Krishibhavan Name
Phone
Email

KB East Kallada
9383478901
kbekldaklm.agri@kerala.gov.in

KB Kundara
9383478902
kbkundraklm.agri@kerala.gov.in

KB Munroethuruthu
9383478903
kbmnrthuklm.agri@kerala.gov.in

KB Panayam
9383478904
kbpnayamklm.agri@kerala.gov.in

KB Perayam
9383478905
kbprayamklm.agri@kerala.gov.in

KB Perinad
9383478906
kbpernadklm.agri@kerala.gov.in

KB Thrikkadavoor
9383478908
kbtrkvrklm.agri@kerala.gov.in

KB Thrikkaruva
9383478964
kbthrkrvklm.agri@kerala.gov.in

BLOCK: OACHIRA


Krishibhavan Name
Phone
Email

KB Alappad
9383470211
kbalapadklm.agri@kerala.gov.in

KB Clappana
9383470212
kbclpanaklm.agri@kerala.gov.in

KB KulasekharaPuram
9383470616
kbkspramklm.agri@kerala.gov.in

KB Karunagappally
9383470214
kbkngplyklm.agri@kerala.gov.in

KB Oachira
9383470506
kbochrklm.agri@kerala.gov.in

KB Thazhava
9383470216
kbtazhvaklm.agri@kerala.gov.in

KB Thodiyur
9383470607
kbtdyrklm.agri@kerala.gov.in

BLOCK: PATHANAPURAM


Krishibhavan Name
Phone
Email

KB Pathanapuram
9383470251
kbptnprmklm.agri@kerala.gov.in

KB Pattazhi North
9383470252
kbptzhinklm.agri@kerala.gov.in

KB Pattazhi South
9383470357
kbptzhisklm.agri@kerala.gov.in

KB Piravanthoor
9383470304
kbprnthrklm.agri@kerala.gov.in

KB Punalur
9383470235
kbpnalurklm.agri@kerala.gov.in

KB Thalavoor
9383470237
kbthlvorklm.agri@kerala.gov.in

KB Vilakudy
9383470218
kbvilkdyklm.agri@kerala.gov.in

BLOCK: SASTHAMCOTTA

Krishibhavan Name
Phone
Email

KB Kunnathoor
9383470227
kbkunthrklm.agri@kerala.gov.in

KB Mynagappally
9383470236
kbmngplyklm.agri@kerala.gov.in

KB Poruvazhy
9383470229
kbprvzhyklm.agri@kerala.gov.in

KB Sasthamcotta
9383470225
kbstmctaklm.agri@kerala.gov.in

KB Sooranad North
9383470231
kbsrndntklm.agri@kerala.gov.in

KB Sooranad South
9383470233
kbsrndstklm.agri@kerala.gov.in

KB West Kallada
9383470238
kbwtkldaklm.agri@kerala.gov.in

BLOCK: VETTIKAVALA


Krishibhavan Name
Phone
Email

KB Kulakkada
9383470372
kbklkadaklm.agri@kerala.gov.in

KB Melila
9383470371
kbmelilaklm.agri@kerala.gov.in

KB Mylom
9383470357
kbmylomklm.agri@kerala.gov.in

KB Pavithreswaram
9383470359
kbpvrswmklm.agri@kerala.gov.in

KB Ummannoor
9383470363
kbumanorklm.agri@kerala.gov.in

KB Vettikkavala
9383470351
kbvtkvlaklm.agri@kerala.gov.in

BLOCK: ADOOR


Krishibhavan Name
Phone
Email

KB Adoor
9383470485
kbadoorpta.agri@kerala.gov.in

KB Enadimangalam
9383470495
kbendmgmpta.agri@kerala.gov.in

KB Erathu
9383470491
kberathupta.agri@kerala.gov.in

KB Ezhamkulam
9383470483
kbezmklmpta.agri@kerala.gov.in

KB Kadampanadu
9383470489
kbkdmpdupta.agri@kerala.gov.in

KB Kalanjoor
9383470493
kbklnjrpta.agri@kerala.gov.in

KB Kodumon
9383470481
kbkdmnpta.agri@kerala.gov.in

KB Pallickal
9383470487
kbpalcklpta.agri@kerala.gov.in

BLOCK: KONNI

Krishibhavan Name
Phone
Email

KB Aruvappulam
9383470408
kbarvplmpta.agri@kerala.gov.in

KB Konny
9383470407
kbkonnypta.agri@kerala.gov.in

KB Malayalappuzha
9383470402
kbmlypzapta.agri@kerala.gov.in

KB Mylapra
9383472013
kbmylprapta.agri@kerala.gov.in

KB Pramadom
9383470391
kbprmdompta.agri@kerala.gov.in

KB Thannithode
9383470403
kbthntdepta.agri@kerala.gov.in

KB Vallicode
9383470406
kbvalcdepta.agri@kerala.gov.in

BLOCK: MALLAPPALLY


Krishibhavan Name
Phone
Email

KB Anicadu
9383470458
kbanicdupta.agri@kerala.gov.in

KB Kallooppara
9383470451
kbkalprapta.agri@kerala.gov.in

KB Kaviyoor
9383470449
kbkvyrpta.agri@kerala.gov.in

KB Kottanad
9383470447
kbkotnadpta.agri@kerala.gov.in

KB Kottangal
9383470445
kbkotnglpta.agri@kerala.gov.in

KB Kunnanthanam
9383470453
kbkuntnmpta.agri@kerala.gov.in

KB Mallappally
9383470455
kbmlpalypta.agri@kerala.gov.in

BLOCK: PANDALAM


Krishibhavan Name
Phone
Email

KB Aranmula
9383470386
kbarnmlapta.agri@kerala.gov.in

KB Kulanada
9383470394
kbkulndapta.agri@kerala.gov.in

KB Mezhuveli
9383470397
kbmzhvlipta.agri@kerala.gov.in

KB Thekkekara
9383470390
kbthkkrapta.agri@kerala.gov.in

KB Thonnalloor
9383470393
kbthnlorpta.agri@kerala.gov.in

KB Thumpamon
9383470388
kbthmpmnpta.agri@kerala.gov.in

BLOCK: PATHANAMTHITTA


Krishibhavan Name
Phone
Email

KB Chenneerkkara
9383470428
kbcnrkrpta.agri@kerala.gov.in

KB Cherukole
9383470413
kbchrklepta.agri@kerala.gov.in

KB Elanthoor
9383470424
kbelnthrpta.agri@kerala.gov.in

KB Kozhencherry
9383470417
kbkzncrypta.agri@kerala.gov.in

KB Mallapuzhassery
9383470422
kbmlpsrypta.agri@kerala.gov.in

KB Naranganam
9383470420
kbnrgnampta.agri@kerala.gov.in

KB Omalloor
9383470418
kbomlrpta.agri@kerala.gov.in

KB Pathanamthittta Municipality
9383470427
kbptamncpta.agri@kerala.gov.in

BLOCK: PULLAD


Krishibhavan Name
Phone
Email

KB Ayroor
9383470430
kbayroorpta.agri@kerala.gov.in

KB Eraviperoor
9383470431
kbevprorpta.agri@kerala.gov.in

KB Ezhumattoor
9383470433
kbezhmtrpta.agri@kerala.gov.in

KB Koippuram

kbkoiprmpta.agri@kerala.gov.in

KB Puramattom
9383470436
kbprmtmpta.agri@kerala.gov.in

KB Thottapuzhassseri
9383470405
kbtpzsripta.agri@kerala.gov.in

BLOCK: RANNI


Krishibhavan Name
Phone
Email

KB Chittar
9383470463
kbchitarpta.agri@kerala.gov.in

KB Naranammoozhi
9383470465
kbnrmozhpta.agri@kerala.gov.in

KB Ranni Angadi
9383470460
kbangadipta.agri@kerala.gov.in

KB Ranni-Pazhavangadi
9383470461
kbpzvgdpta.agri@kerala.gov.in

KB Ranni Perunad
9383470467
kbpernadpta.agri@kerala.gov.in

KB Ranni Thottamon
9383470462
kbthotmnpta.agri@kerala.gov.in

KB Seethathode
9383470466
kbsethdepta.agri@kerala.gov.in

KB Vadasserikkara
9383470464
kbvdrkrapta.agri@kerala.gov.in

KB Vechoochira
9383470468
kbvchorapta.agri@kerala.gov.in

BLOCK: THIRUVALLA


Krishibhavan Name
Phone
Email

KB Kadapra
9383470380
kbkdprapta.agri@kerala.gov.in

KB Kuttoor
9383470382
kbkuttorpta.agri@kerala.gov.in

KB Nedumpuram
9383470374
kbndprmpta.agri@kerala.gov.in

KB Niranam
9383470376
kbnirnampta.agri@kerala.gov.in

KB Peringara
9383470378
kbprngapta.agri@kerala.gov.in

KB Thiruvalla Municipality
9383470384
kbtvlamcpta.agri@kerala.gov.in

BLOCK: ALAPPUZHA


Krishibhavan Name
Phone
Email

KB Alappuzha Municipality
9383470603
kbalpmncalp.agri@kerala.gov.in

KB Aryadu
9383470604
kbaryadualp.agri@kerala.gov.in

KB Mannamcherry
9383470605
kbmnmcryalp.agri@kerala.gov.in

KB Mararikkulam South
9383470608
kbmrklmsalp.agri@kerala.gov.in

KB Punnapra
9383470609
kbpprastalp.agri@kerala.gov.in

KB Punnapra North
9383470610
kbpprantalp.agri@kerala.gov.in

BLOCK: AMBALAPPUZHA


Krishibhavan Name
Phone
Email

KB Ambalappuzha
9383470612
kbambsthalp.agri@kerala.gov.in

KB Ambalapuzha North
9383470613
kbambnthalp.agri@kerala.gov.in

KB Karuvatta
9383470614
kbkruvtaalp.agri@kerala.gov.in

KB Purakkad
9383470615
kbprakadalp.agri@kerala.gov.in

KB Thakazhhy
9383470617
kbthkzhyalp.agri@kerala.gov.in

BLOCK: CHAMPAKULAM


Krishibhavan Name
Phone
Email

KB Champakulam
9383470619
kbcmpklmalp.agri@kerala.gov.in

KB Edathuva
9383470620
kbedatvaalp.agri@kerala.gov.in

KB Kainakary
9383470621
kbknkaryalp.agri@kerala.gov.in

KB Nedumudy
9383470622
kbnedmdyalp.agri@kerala.gov.in

KB Thalavady
9383470623
kbthlvdyalp.agri@kerala.gov.in

BLOCK: CHARUMMOOD


Krishibhavan Name
Phone
Email

KB Bharanikavu
9383470651
kbbhrnkvalp.agri@kerala.gov.in

KB Chunakkara
9383470652
kbchnkraalp.agri@kerala.gov.in

KB Nooranad
9383470653
kbnornadalp.agri@kerala.gov.in

KB Palamel
9383470654
kbpalmelalp.agri@kerala.gov.in

KB Thamarakulam
9383470655
kbtmrklmalp.agri@kerala.gov.in

KB Vallikunnam
9383470656
kbvlknamalp.agri@kerala.gov.in

BLOCK: CHENGANNUR


Krishibhavan Name
Phone
Email

KB Ala
9383470679
kbalaalp.agri@kerala.gov.in

KB Budhanoor
9383470680
kbbdhnralp.agri@kerala.gov.in

KB Chengannur Municipality
9383470681
kbchngnralp.agri@kerala.gov.in

KB Cheriyanadu
9383470682
kbchrndualp.agri@kerala.gov.in

KB Mannar
9383470683
kbmannaralp.agri@kerala.gov.in

KB Mulakuzha
9383470684
kbmlkzhaalp.agri@kerala.gov.in

KB Pandanadu
9383470685
kbpndndualp.agri@kerala.gov.in

KB Puliyoor
9383470687
kbpulyoralp.agri@kerala.gov.in

KB Thiruvanvandoor
9383470687
kbtvnvdralp.agri@kerala.gov.in

KB Venmony
9383470688
kbvnmonyalp.agri@kerala.gov.in

BLOCK: CHERTHALA


Krishibhavan Name
Phone
Email

KB Cherthala Municipality
9383470594
kbchrmncalp.agri@kerala.gov.in

KB Chethal South
9383470595
kbchrsthalp.agri@kerala.gov.in

KB Kanjikkuzhy
9383470596
kbknjkzyalp.agri@kerala.gov.in

KB Mararikkulam North
9383470597
kbmrklmnalp.agri@kerala.gov.in

KB Muhamma
9383470598
kbmhammaalp.agri@kerala.gov.in

KB Thaneermukkam
9383470599
kbtnrmkmalp.agri@kerala.gov.in

KB Kadakarappally
9383470601
kbkdkplyalp.agri@kerala.gov.in

BLOCK: HARIPPAD


Krishibhavan Name
Phone
Email

KB Cheruthana
9383470632
kbchrtnalp.agri@kerala.gov.in

KB Chingoli
9383470633
kbchngolalp.agri@kerala.gov.in

KB Haripad
9383470634
kbharpadalp.agri@kerala.gov.in

KB Karthikappally
9383470635
kbkrkplyalp.agri@kerala.gov.in

KB Kumarapuram
9383470636
kbkmrprmalp.agri@kerala.gov.in

KB Pallippadu
9383470637
kbplpadualp.agri@kerala.gov.in

KB Thrikkunnapuzha
9383470638
kbtrkpzaalp.agri@kerala.gov.in

KB Veeyapuram
9383470639
kbvypramalp.agri@kerala.gov.in

BLOCK: KAYAMKULAM


Krishibhavan Name
Phone
Email

KB Arattupuzha
9383470641
kbartpzaalp.agri@kerala.gov.in

KB Cheppadu
9383470642
kbchepadalp.agri@kerala.gov.in

KB Devikulangara
9383470643
kbdvklgaalp.agri@kerala.gov.in

KB Kandallore
9383470644
kbkndlrealp.agri@kerala.gov.in

KB Kayamkulam Muncipality
9383470645
kbkymklmalp.agri@kerala.gov.in

KB Krishnapuram
9383470646
kbkshprmalp.agri@kerala.gov.in

KB Muthukulam
9383470647
kbmthklmalp.agri@kerala.gov.in

KB Pathiyoor
9383470648
kbpatyoralp.agri@kerala.gov.in

BLOCK: KUTHIATHODE


Krishibhavan Name
Phone
Email

KB Aroor
9383470586
kbarooralp.agri@kerala.gov.in

KB Ezhupunna
9383470587
kbezhpnaalp.agri@kerala.gov.in

KB Kodamthuruthu
9383470588
kbkdmthualp.agri@kerala.gov.in

KB Kuthiyathode
9383470589
kbktyodealp.agri@kerala.gov.in

KB Pattanakadu
9383470590
kbptnkdualp.agri@kerala.gov.in

KB Thuravoor
9383470591
kbthrvoralp.agri@kerala.gov.in

KB Vayalar
9383470592
kbvaylaralp.agri@kerala.gov.in

BLOCK: MAVELIKKARA


Krishibhavan Name
Phone
Email

KB Chennithala
9383470658
kbchntlaalp.agri@kerala.gov.in

KB Chettikulangara
9383470659
kbctklgaalp.agri@kerala.gov.in

KB Mavelikkara
9383470661
kbmvkkraalp.agri@kerala.gov.in

KB Thazhakkara
9383470662
kbtzhkraalp.agri@kerala.gov.in

KB Thekkekara
9383470663
kbthkkraalp.agri@kerala.gov.in

BLOCK: PANAVALLY


Krishibhavan Name
Phone
Email

KB Arookutty
9383470580
kbaroktyalp.agri@kerala.gov.in

KB Chennampallippuram
9383470581
kbchmppmalp.agri@kerala.gov.in

KB Panavally
9383470582
kbpanvlyalp.agri@kerala.gov.in

KB Perumbalam
9383470583
kbprmblmalp.agri@kerala.gov.in

KB Thycattussery
9383470584
kbtyctsyalp.agri@kerala.gov.in

BLOCK: RAMANKARY


Krishibhavan Name
Phone
Email

KB Kavalam
9383470625
kbkvalamalp.agri@kerala.gov.in

KB Muttar
9383470626
kbmuttaralp.agri@kerala.gov.in

KB Neelamperoor
9383470627
kbnlmpralp.agri@kerala.gov.in

KB Pulinkunnu
9383470628
kbplnknualp.agri@kerala.gov.in

KB Ramenkery
9383470629
kbrmnkryalp.agri@kerala.gov.in

KB Veliyanadu
9383470630
kbvlyndualp.agri@kerala.gov.in

BLOCK: ERATTUPETTA


Krishibhavan Name
Phone
Email

KB Erattupetta
9383470758
kbertptaktm.agri@kerala.gov.in

KB Melukavu
9383470759
kbmlkavuktm.agri@kerala.gov.in

KB Moonnilavu
9383470760
kbmonlvuktm.agri@kerala.gov.in

KB Poonjar
9383470761
kbponjarktm.agri@kerala.gov.in

KB Poonjar South
9383470762
kbpnjsthktm.agri@kerala.gov.in

KB Teekoy
9383470763
kbteekoyktm.agri@kerala.gov.in

KB Thalappalam
9383470765
kbtalplmktm.agri@kerala.gov.in

KB Thalanad
9383470764
kbtalnadktm.agri@kerala.gov.in

KB Thidanad
9383470766
kbthdnadktm.agri@kerala.gov.in

BLOCK: ETTUMANOOR


Krishibhavan Name
Phone
Email

KB Arpookkara
9383470798
kbarpkraktm.agri@kerala.gov.in

KB Athirampuzha
9383470799
kbathpzaktm.agri@kerala.gov.in

KB Aymanam
9383470796
kbaymanmktm.agri@kerala.gov.in

KB Ettumanoor
9383470804
kbetmnorktm.agri@kerala.gov.in

KB Neendoor
9383470803
kbnendorktm.agri@kerala.gov.in

KB Thiruvarpu
9383470805
kbtrvarpktm.agri@kerala.gov.in

KB Kumarakom
9383470802
kbkmrkomktm.agri@kerala.gov.in

BLOCK: KADUTHURUTHY


Krishibhavan Name
Phone
Email

KB Kaduthuruthy
9383470788
kbkdtrhyktm.agri@kerala.gov.in

KB Kallara
9383470793
kbkalaraktm.agri@kerala.gov.in

KB Mulakkulam
9383470792
kbmlkklmktm.agri@kerala.gov.in

KB Njeezhoor
9383470791
kbnjezhrktm.agri@kerala.gov.in

KB Thalayolaparambu
9383470790
kbtlypmbktm.agri@kerala.gov.in

KB Velloor
9383470794
kbvellorktm.agri@kerala.gov.in

BLOCK: KANJIRAPPALLY


Krishibhavan Name
Phone
Email

KB Erumely
9383470768
kberumlyktm.agri@kerala.gov.in

KB Kanjirappally
9383470769
kbknjplyktm.agri@kerala.gov.in

KB Koottickal
9383470771
kbkotkalktm.agri@kerala.gov.in

KB Koruthodu
9383470772
kbkrthduktm.agri@kerala.gov.in

KB Manimala
9383470773
kbmnimlaktm.agri@kerala.gov.in

KB Mundakkayam
9383470774
kbmndkymktm.agri@kerala.gov.in

KB Parathod
9383470775
kbparthdktm.agri@kerala.gov.in

BLOCK: MADAPPALLY


Krishibhavan Name
Phone
Email

KB Madappally
9383470668
kbmadplyktm.agri@kerala.gov.in

KB Paippadu
9383470664
kbpaopduktm.agri@kerala.gov.in

KB Thrikkodithanam
9383470673
kbtrktnmktm.agri@kerala.gov.in

KB Vakathanam
9383470676
kbvktnamktm.agri@kerala.gov.in

KB Vazhappally
9383470669
kbvzhplyktm.agri@kerala.gov.in

KB Changanassery Muncipality
9383470671
kbchryktm.agri@kerala.gov.in

BLOCK: PALA


Krishibhavan Name
Phone
Email

KB Bharananganam
9383470749
kbbrngnmktm.agri@kerala.gov.in

KB Kadanad
9383470751
kbkadnadktm.agri@kerala.gov.in

KB Karoor
9383470753
kbkaroorktm.agri@kerala.gov.in

KB Kozhuvanal
9383470755
kbkzhvnlktm.agri@kerala.gov.in

KB Meenachil
9383470752
kbmenchlktm.agri@kerala.gov.in

KB Mutholy
9383470754
kbmuthlyktm.agri@kerala.gov.in

KB Pala Muncipality
9383470756
kbpalaktm.agri@kerala.gov.in

BLOCK: KOTTAYAM


Krishibhavan Name
Phone
Email

KB Nattakom
9383470725
kbnatkomktm.agri@kerala.gov.in

KB Kurichy
9383470727
kbkurchyktm.agri@kerala.gov.in

KB Ayarkunnam
9383470726
kbayrknmktm.agri@kerala.gov.in

KB Kottayam Muncipality
9383470730
kbktymktm.agri@kerala.gov.in

KB Kumaranalloor
9383470801
kbkmrnlrktm.agri@kerala.gov.in

KB Panachikkad
9383470729
kbpnchkdktm.agri@kerala.gov.in

KB Puthuppally
9383470728
kbptpalyktm.agri@kerala.gov.in

KB Vijayapuram
9383470731
kbvjpramktm.agri@kerala.gov.in

BLOCK: PAMPADY


Krishibhavan Name
Phone
Email

KB Akalakunnam
9383470736
kbaklknmktm.agri@kerala.gov.in

KB Pallickathode
9383470737
kbplckdektm.agri@kerala.gov.in

KB Meenadam
9383470734
kbmendamktm.agri@kerala.gov.in

KB Koroppada
9383470735
kbkorpdaktm.agri@kerala.gov.in

KB Pampady
9383470733
kbpampdyktm.agri@kerala.gov.in

KB Elikkulam
9383470740
kbeliklmktm.agri@kerala.gov.in

KB Kidangoor
9383470738
kbkdngorktm.agri@kerala.gov.in

KB Manarcadu
9383470739
kbmnrcduktm.agri@kerala.gov.in

BLOCK: UZHAVOOR


Krishibhavan Name
Phone
Email

KB Kanakkary
9383470778
kbknrkryktm.agri@kerala.gov.in

KB Manjoor
9383470779
kbmanjorktm.agri@kerala.gov.in

KB Kadaplamatom
9383470780
kbkdpmtmktm.agri@kerala.gov.in

KB Kuravilangad
9383470785
kbkrvngdktm.agri@kerala.gov.in

KB Marangattupally
9383470784
kbmrgplyktm.agri@kerala.gov.in

KB Ramapuram
9383470783
kbrmpurmktm.agri@kerala.gov.in

KB Uzhavoor
9383470782
kbuzhvorktm.agri@kerala.gov.in

KB Veliyannor
9383470781
kbvlynorktm.agri@kerala.gov.in

BLOCK: VAIKOM


Krishibhavan Name
Phone
Email

KB Chempu
9383470814
kbchempuktm.agri@kerala.gov.in

KB Maravanthuruth
9383470810
kbmrvtrhktm.agri@kerala.gov.in

KB T V Puram
9383470807
kbtvpurmktm.agri@kerala.gov.in

KB Thalayazham
9383470813
kbtalyzmktm.agri@kerala.gov.in

KB Udayanapuram
9383470811
kbudyprmktm.agri@kerala.gov.in

KB Vaikom Municipality
9383470815
kbvkmmncktm.agri@kerala.gov.in

KB Vechoor
9383470812
kbvechorktm.agri@kerala.gov.in

BLOCK: VAZHOOR


Krishibhavan Name
Phone
Email

KB Chirakkadavu
9383470746
kbchkdvuktm.agri@kerala.gov.in

KB Kangazha
9383470743
kbkangzaktm.agri@kerala.gov.in

KB Nedumkunnam
9383470742
kbndmknmktm.agri@kerala.gov.in

KB Vellavoor
9383470744
kbvelvorktm.agri@kerala.gov.in

KB Vazhoor
9383470745
kbvazhorktm.agri@kerala.gov.in

KB Karukachal
9383470747
kbkrkchlktm.agri@kerala.gov.in

BLOCK: ADIMALY


Krishibhavan Name
Phone
Email

KB Adimaly
9383471065
kbadmalyidk.agri@kerala.gov.in

KB Bysonvalley
9383471071
kbbsnvlyidk.agri@kerala.gov.in

KB Konnathady
9383471067
kbkontdyidk.agri@kerala.gov.in

KB Pallivasal
9383471073
kbpalvslidk.agri@kerala.gov.in

KB Vellathooval
9383471069
kbvltvalidk.agri@kerala.gov.in

BLOCK: DEVIKULAM


Krishibhavan Name
Phone
Email

KB Chinnakanal
9383471049
kbchnknlidk.agri@kerala.gov.in

KB Devikulam
9383471051
kbdevklmidk.agri@kerala.gov.in

KB Kanthalloor
9383471053
kbkntloridk.agri@kerala.gov.in

KB Mankulam
9383471055
kbmanklmidk.agri@kerala.gov.in

KB Marayoor
9383471057
kbmaryoridk.agri@kerala.gov.in

KB Munnar
9383471059
kbmunnaridk.agri@kerala.gov.in

KB Santhanpara
9387471061
kbsntpraidk.agri@kerala.gov.in

KB Vattavada
9383471063
kbvtvadaidk.agri@kerala.gov.in

BLOCK: ELAMDESAM


Krishibhavan Name
Phone
Email

KB Alakode
9383470974
kbalakodidk.agri@kerala.gov.in

KB Karimannoor
9383470982
kbmrmnoridk.agri@kerala.gov.in

KB Kodikulam
9383470978
kbkodklmidk.agri@kerala.gov.in

KB Kudayathoor
9383470976
kbkdythridk.agri@kerala.gov.in

KB Udumbannoor
9383470984
kbudmbnridk.agri@kerala.gov.in

KB Vannappuram
9383470986
kbvanprmidk.agri@kerala.gov.in

KB Velliyamattom
9383470980
kbvlymtmidk.agri@kerala.gov.in

BLOCK: IDUKKI


Krishibhavan Name
Phone
Email

KB Arakulam
9383471003
kbarklamidk.agri@kerala.gov.in

KB Kamakshy
9383470997
kbkmkshyidk.agri@kerala.gov.in

KB Kanjikuzhy
9383470992
kbknjkhyidk.agri@kerala.gov.in

KB Mariyapuram
9383470994
kbmryprmidk.agri@kerala.gov.in

KB Vathikudy
9383470998
kbvatkdyidk.agri@kerala.gov.in

KB Vazhathope
9383470989
kbvzatopidk.agri@kerala.gov.in

BLOCK: KATTAPPANA


Krishibhavan Name
Phone
Email

KB Ayappancoil
9383471014
kbaypnclidk.agri@kerala.gov.in

KB Chakkupallom
9383471021
kbchkplmidk.agri@kerala.gov.in

KB Erattayar
9383471004
kberatyridk.agri@kerala.gov.in

KB Kanchiyar
9383471009
kbkanchridk.agri@kerala.gov.in

KB Kattappana
9383471007
kbkatpnaidk.agri@kerala.gov.in

KB Upputhara
9383471016
kbupthraidk.agri@kerala.gov.in

KB Vandanmedu
9383471018
kbvndmduidk.agri@kerala.gov.in

BLOCK: NEDUMKANDOM


Krishibhavan Name
Phone
Email

KB Karunapuram
9383471035
kbkrnprmidk.agri@kerala.gov.in

KB Nedumkandom
9383471023
kbndkndmidk.agri@kerala.gov.in

KB Pampadumpara
9383471025
kbpmpraidk.agri@kerala.gov.in

KB Rajakkad
9383471033
kbrajkadidk.agri@kerala.gov.in

KB Rajakumari
9383471031
kbrajkmridk.agri@kerala.gov.in

KB Senapathy
9383471029
kbsnaptyidk.agri@kerala.gov.in

KB Udumbanchola
9383471027
kbudmchlidk.agri@kerala.gov.in

BLOCK: PEERMEDU


Krishibhavan Name
Phone
Email

KB Elappara
9383471041
kbelapraidk.agri@kerala.gov.in

KB Kokkayar
9383471043
kbkokyaridk.agri@kerala.gov.in

KB Kumily
9383471047
kbkumilyidk.agri@kerala.gov.in

KB Peermedu
9383471037
kbpermduidk.agri@kerala.gov.in

KB Peruvanthanam
9383471039
kbprvtnmidk.agri@kerala.gov.in

KB Vandiperiyar
9383471045
kbvdpridk.agri@kerala.gov.in

BLOCK: THODUPUZHA


Krishibhavan Name
Phone
Email

KB Edavetty
9383470948
kbedvetyidk.agri@kerala.gov.in

KB Karimkunnam
9383470950
kbkrmknmidk.agri@kerala.gov.in

KB Kumaramangalam
9383470964
kbkmrmgmidk.agri@kerala.gov.in

KB Manacad
9383470966
kbmancadidk.agri@kerala.gov.in

KB Muttom
9383470968
kbmuttomidk.agri@kerala.gov.in

KB Purapuzha
9383470970
kbprapzaidk.agri@kerala.gov.in

KB Thodupuzha Muncipality
9383470972
kbtdpzaidk.agri@kerala.gov.in

BLOCK: ALUVA


Krishibhavan Name
Phone
Email

KB Alengad
9383471089
kbalngadekm.agri@kerala.gov.in

KB Aluva Municipality
9387757744
kbalvmncekm.agri@kerala.gov.in

KB Eloor Municipality
9383471093
kbelrmncekm.agri@kerala.gov.in

KB Kadungalloor
9383471097
kbkdnglrekm.agri@kerala.gov.in

KB Karumalloor
9383471095
kbkrmlorekm.agri@kerala.gov.in

KB Varappuzha
9383471099
kbvarpzaekm.agri@kerala.gov.in

BLOCK: ANGAMALY


Krishibhavan Name
Phone
Email

KB Angamaly Municipality
9383471102
kbagmmncekm.agri@kerala.gov.in

KB Ayyampuzha
9383471104
kbaympzaekm.agri@kerala.gov.in

KB Kalady
9383471106
kbkaladyekm.agri@kerala.gov.in

KB Kanjoor
9383471109
kbkanjorekm.agri@kerala.gov.in

KB Karukutty
9383471124
kbkarktyekm.agri@kerala.gov.in

KB Malayattoor  Neeleswaram
9383471126
kbmlytorekm.agri@kerala.gov.in

KB Manjapra
9383471128
kbmnjpraekm.agri@kerala.gov.in

KB Mookkannoor
9383471130
kbmoknorekm.agri@kerala.gov.in

KB Thuravoor
9383471132
kbthrvrekm.agri@kerala.gov.in

BLOCK: KALAMASSERY


Krishibhavan Name
Phone
Email

KB Elamkunnapuzha
9383470883
kbeknpzaekm.agri@kerala.gov.in

KB Cheranelloor
9383470881
kbchrnlrekm.agri@kerala.gov.in

KB Kadamakudy
9383470885
kbkdmkdyekm.agri@kerala.gov.in

KB Kalamassery Municipality
9383470887
kbklmmncekm.agri@kerala.gov.in

KB Thrikkakara Municipality
9383470892
kbtrkmncekm.agri@kerala.gov.in

KB Mulavukad
9383470890
kbmlvkadekm.agri@kerala.gov.in

BLOCK: KEEZHMAD


Krishibhavan Name
Phone
Email

KB Edathala
9383470902
kbedthlaekm.agri@kerala.gov.in

KB Keezhmad
9383470896
kbkezmadekm.agri@kerala.gov.in

KB Kizhakkambalam
9383470904
kbkzmblmekm.agri@kerala.gov.in

KB Vazhakkulam
9383470899
kbvzklamekm.agri@kerala.gov.in

KB Vengola
9383472395
kbvngolaekm.agri@kerala.gov.in

KB Choornikkara
9383470894
kbcrnkraekm.agri@kerala.gov.in

BLOCK: KOTHAMANGALAM


Krishibhavan Name
Phone
Email

KB Kavalangad
9383470945
kbkvlngdekm.agri@kerala.gov.in

KB Keerampara
9383470946
kbkrmpraekm.agri@kerala.gov.in

KB Kothamangalam Municipality
9383470947
kbkgmmncekm.agri@kerala.gov.in

KB Kottappady
9383470952
kbktpadyekm.agri@kerala.gov.in

KB Kuttampuzha
9383470953
kbktmpzaekm.agri@kerala.gov.in

KB Nellikuzhy
9383470954
kbnelkzyekm.agri@kerala.gov.in

KB Paingottoor
9383470955
kbpngtorekm.agri@kerala.gov.in

KB Pallarimangalam
9383470956
kbplrmgmekm.agri@kerala.gov.in

KB Pindimana
9383470957
kbpndmnaekm.agri@kerala.gov.in

KB Pothanicad
9383470958
kbptncadekm.agri@kerala.gov.in

KB Varapetty
9383470959
kbvarptyekm.agri@kerala.gov.in

BLOCK: MUVATTUPUZHA


Krishibhavan Name
Phone
Email

KB Arakkuzha
9383470836
kbarkzhaekm.agri@kerala.gov.in

KB Avoly
9383470836
kbavolyekm.agri@kerala.gov.in

KB Ayavana
9383470838
kbayavnaekm.agri@kerala.gov.in

KB Kalloorkad
9383470839
kbkllrkdekm.agri@kerala.gov.in

KB Manjalloor
9383470840
kbmanjlrekm.agri@kerala.gov.in

KB Marady
9383470843
kbmaradyekm.agri@kerala.gov.in

KB Muvattupuzha
9383470841
kbmvtpzaekm.agri@kerala.gov.in

KB Paipra
9383470842
kbpaipraekm.agri@kerala.gov.in

KB Valakom
9383470844
kbvlakomekm.agri@kerala.gov.in

BLOCK: MULANTHURUTHY


Krishibhavan Name
Phone
Email

KB Amballoor
9383470907
kbamblrekm.agri@kerala.gov.in

KB Chottanikkara
9383470911
kbchtkraekm.agri@kerala.gov.in

KB Edakkattuvayal
9383470906
kbedkvylekm.agri@kerala.gov.in

KB Mulathuruthy
9383470908
kbmlnrtyekm.agri@kerala.gov.in

KB Udayamperoor
9383470912
kbudymprekm.agri@kerala.gov.in

KB Maneed
9383470913
kbmaneedekm.agri@kerala.gov.in

BLOCK: NEDUMBASSERY


Krishibhavan Name
Phone
Email

KB Chengamanad
9383470921
kbchngmdekm.agri@kerala.gov.in

KB Kunnukara
9383470922
kbkunkraekm.agri@kerala.gov.in

KB Nedumbassery
9383470923
kbndmbsyekm.agri@kerala.gov.in

KB Parakkadavu
9383470924
kbprakdvekm.agri@kerala.gov.in

KB Puthenvelikkara
9383470925
kbpnvlkrekm.agri@kerala.gov.in

KB Sreemoolanagaram
9383470926
kbsrmgrmekm.agri@kerala.gov.in

BLOCK: NARAKKAL


Krishibhavan Name
Phone
Email

KB Edavanakkad
9383470941
kbedvnkdekm.agri@kerala.gov.in

KB Kuzhippilly
9383470940
kbkzhplyekm.agri@kerala.gov.in

KB Nayarambalam
9383470942
kbnyrblmekm.agri@kerala.gov.in

KB Njarakkal
9383470943
kbnjrkalekm.agri@kerala.gov.in

KB Pallippuram
9383470939
kbpalprmekm.agri@kerala.gov.in

BLOCK: PARAVOOR


Krishibhavan Name
Phone
Email

KB Chendamangalam
9383471137
kbcndglmekm.agri@kerala.gov.in

KB Chittattukara
9383471139
kbchikraekm.agri@kerala.gov.in

KB Ezhikkara
9383471141
kbezhkraekm.agri@kerala.gov.in

KB Kottuvally
9383471143
kbkotvlyekm.agri@kerala.gov.in

KB Paravur Municipality
9383471135
kbpvrmncekm.agri@kerala.gov.in

KB Vadakkekkara
9383471146
kbvdkkraekm.agri@kerala.gov.in

BLOCK: PERUMBAVOOR


Krishibhavan Name
Phone
Email

KB Asamannoor
9383470858
kbasmanrekm.agri@kerala.gov.in

KB Koovappady
9383470866
kbkovpdyekm.agri@kerala.gov.in

KB Mudakkuzha
9383470862
kbmdkzhaekm.agri@kerala.gov.in

KB Okkal
9383470856
kbokkalekm.agri@kerala.gov.in

KB Perumbavoor Municipality
9383470860
kbpmbmncekm.agri@kerala.gov.in

KB Rayamangalam
9383470854
kbraymgmekm.agri@kerala.gov.in

KB Vengoor
9383470864
kbvengorekm.agri@kerala.gov.in

BLOCK: PIRAVOM


Krishibhavan Name
Phone
Email

KB Elanji
9383471083
kbelanjiekm.agri@kerala.gov.in

KB Koothattukulam
9383471081
kbkotklmekm.agri@kerala.gov.in

KB Palakkuzha
9383471085
kbplakzaekm.agri@kerala.gov.in

KB Pampakuda
9383471087
kbpamkdaekm.agri@kerala.gov.in

KB Piravom
9383471075
kbpravomekm.agri@kerala.gov.in

KB Ramamangalam
9383471077
kbramglmekm.agri@kerala.gov.in

KB Thirumarady
9383471079
kbthrmdyekm.agri@kerala.gov.in

BLOCK: POOTHRIKA


Krishibhavan Name
Phone
Email

KB Aikarnad
9383470877
kbakrnadekm.agri@kerala.gov.in

KB Kunnathunad
9383472386
kbkuntndekm.agri@kerala.gov.in

KB Mazhuvannur
9383470876
kbmzhvnrekm.agri@kerala.gov.in

KB Poothrikka
9383470870
kbpotrkaekm.agri@kerala.gov.in

KB Thiruvaniyoor
9383470874
kbtrvyorekm.agri@kerala.gov.in

KB Vadavucode Puthencruz
9383470872
kbvdvptzekm.agri@kerala.gov.in

BLOCK: PALLURUTHY


Krishibhavan Name
Phone
Email

KB Chellanam
9383471157
kbchlnamekm.agri@kerala.gov.in

KB Kochi Corporation
9383471169
kbkochiekm.agri@kerala.gov.in

KB Kumbalam Panangad
9383471159
kbkumblmekm.agri@kerala.gov.in

KB Kumbalanghi
9383471161
kbkmblngekm.agri@kerala.gov.in

KB Maradu Municipality
9383471163
kbmrdmncekm.agri@kerala.gov.in

KB Thiruvankulam
9383471165
kbtrvklmekm.agri@kerala.gov.in

KB Thrippunithura Muncipality
9383471168
kbtrptraekm.agri@kerala.gov.in

BLOCK: ANTHIKKAD


Krishibhavan Name
Phone
Email

KB Anthikkad
9383471390
kbantkdtsr.agri@kerala.gov.in

KB Arimpur
9383471389
kbarmpurtsr.agri@kerala.gov.in

KB Chazhur
9383471393
kbchzhrtsr.agri@kerala.gov.in

KB Manaloor
9383471395
kbmanlortsr.agri@kerala.gov.in

KB Thanniyam
9383471386
kbthnyamtsr.agri@kerala.gov.in

BLOCK: CHALAKUDY


Krishibhavan Name
Phone
Email

KB Chalakudy Muncipality
9383471385
kbckdytsr.agri@kerala.gov.in

KB Kadukutty
9383471383
kbkadktytsr.agri@kerala.gov.in

KB Kodassery
9383471381
kbkodsrytsr.agri@kerala.gov.in

KB Koratty
9383471379
kbkorttytsr.agri@kerala.gov.in

KB Meloor
9383471376
kbmeloortsr.agri@kerala.gov.in

KB Pariyaram
9383471375
kbparyamtsr.agri@kerala.gov.in

KB Vettilappara
9383471373
kbvtlpratsr.agri@kerala.gov.in

BLOCK: CHAVAKKAD


Krishibhavan Name
Phone
Email

KB Chavakkad
9383471366
kbcvkadtsr.agri@kerala.gov.in

KB Guruvayoor
9383471362
kbgrvyortsr.agri@kerala.gov.in

KB Kadappuram
9383471354
kbkadprmtsr.agri@kerala.gov.in

KB Orumayur
9383471370
kbormyrtsr.agri@kerala.gov.in

KB Pookode
9383471359
kbpokdtsr.agri@kerala.gov.in

KB Punnayur
9383471355
kbpunyurtsr.agri@kerala.gov.in

KB Punnayurkulam
9383471364
kbpyrklmtsr.agri@kerala.gov.in

KB Thaikkad
9383471367
kbtaikadtsr.agri@kerala.gov.in

KB Vadakkekad
9383471357
kbvadkadtsr.agri@kerala.gov.in

BLOCK: CHERPU


Krishibhavan Name
Phone
Email

KB Avinissery
9383471338
kbavnsrytsr.agri@kerala.gov.in

KB Cherpu
9383471335
kbcherputsr.agri@kerala.gov.in

KB Koorkanchery
9383471334
kbkrkcrytsr.agri@kerala.gov.in

KB Ollur
9383471327
kbollurtsr.agri@kerala.gov.in

KB Paralam
9383471329
kbparlamtsr.agri@kerala.gov.in

KB Vallachira
9383471326
kbvlchratsr.agri@kerala.gov.in

BLOCK: CHOWANNUR


Krishibhavan Name
Phone
Email

KB Arthat
9383471307
kbarthattsr.agri@kerala.gov.in

KB Choondal
9383471305
kbchndaltsr.agri@kerala.gov.in

KB Chowannur
9383471303
kbcwnrtsr.agri@kerala.gov.in

KB Kadangode
9383472396
kbkdngdetsr.agri@kerala.gov.in

KB Kadavallur
9383471298
kbkdvalrtsr.agri@kerala.gov.in

KB Kandanissery
9383471297
kbkndsrytsr.agri@kerala.gov.in

KB Kattakampal
9383471295
kbktkmpltsr.agri@kerala.gov.in

KB Kunnamkulam
9383471293
kbknmklmtsr.agri@kerala.gov.in

KB Porkulam
9383471290
kbporklmtsr.agri@kerala.gov.in

KB Velur
9383471287
kbvelurtsr.agri@kerala.gov.in

BLOCK: IRINJALAKKUDA


Krishibhavan Name
Phone
Email

KB Irinjalakkuda Munciplity
9383471284
kbinjlkdtsr.agri@kerala.gov.in

KB Karalam
9383471276
kbkarlmtsr.agri@kerala.gov.in

KB Kattur
9383471279
kbkatturtsr.agri@kerala.gov.in

KB Muriyad
9383471286
kbmuryadtsr.agri@kerala.gov.in

KB Parappukkara
9383471280
kbprpkratsr.agri@kerala.gov.in

KB Porathissery
9383471277
kbprtsrytsr.agri@kerala.gov.in

BLOCK: KODAKARA


Krishibhavan Name
Phone
Email

KB Alagappanagar
9383471197
kbalgpnrtsr.agri@kerala.gov.in

KB Kodakara
9383471198
kbkodkratsr.agri@kerala.gov.in

KB Mattathur
9383471201
kbmtathrtsr.agri@kerala.gov.in

KB Nenmanikkara
9383471201
kbnmkkratsr.agri@kerala.gov.in

KB Pudukkad
9383471203
kbpudkadtsr.agri@kerala.gov.in

KB Thrikkur
9383471204
kbtrkkurtsr.agri@kerala.gov.in

KB Varandarappilly
9383471205
kbvndplytsr.agri@kerala.gov.in

BLOCK: MALA


Krishibhavan Name
Phone
Email

KB Aloor
9383471242
kbaloortsr.agri@kerala.gov.in

KB Annamanada
9383471239
kbanmdatsr.agri@kerala.gov.in

KB Kodungallur Municipality
9383471238
kbkdnglrtsr.agri@kerala.gov.in

KB Kuzhur
9383471228
kbkuzhurtsr.agri@kerala.gov.in

KB Mala
9383471232
kbmalatsr.agri@kerala.gov.in

KB Methala
9383471230
kbmethlatsr.agri@kerala.gov.in

KB Poyya
9383471236
kbpoyyatsr.agri@kerala.gov.in

BLOCK: MATHILAKAM


Krishibhavan Name
Phone
Email

KB Edathiruthy
9383471322
kbedtrytsr.agri@kerala.gov.in

KB Edavilangu
9383471311
kbedvlngtsr.agri@kerala.gov.in

KB Eriyad
9383471308
kberiyadtsr.agri@kerala.gov.in

KB Kaipamangalam
9383471320
kbkpmglmtsr.agri@kerala.gov.in

KB Mathilakam
9383471317
kbmthklmtsr.agri@kerala.gov.in

KB Perinjanam
9383471318
kbprnjnmtsr.agri@kerala.gov.in

KB SN Puram
9383471312
kbsnpramtsr.agri@kerala.gov.in

BLOCK: MULLASSERY


Krishibhavan Name
Phone
Email

KB Ealavally
9383471267
kbelavlytsr.agri@kerala.gov.in

KB Mullassery
9383471273
kbmlsrytsr.agri@kerala.gov.in

KB Pavaratty
9383471272
kbpvartytsr.agri@kerala.gov.in

KB Venkitangu
9383471271
kbvnktntsr.agri@kerala.gov.in

BLOCK: OLLUKKARA


Krishibhavan Name
Phone
Email

KB Madakkathara
9383471343
kbmdktratsr.agri@kerala.gov.in

KB Nadathara
9383471348
kbndthratsr.agri@kerala.gov.in

KB Ollukkara
9383471346
kbolukratsr.agri@kerala.gov.in

KB Pananchery
9383471353
kbpancrytsr.agri@kerala.gov.in

KB Puthur
9383471352
kbputhurtsr.agri@kerala.gov.in

KB Thrissur Municipality
9383471350
kbtsrmnctsr.agri@kerala.gov.in

KB Vilvattom
9383471339
kbvilvtmtsr.agri@kerala.gov.in

BLOCK: PAZHAYANNUR


Krishibhavan Name
Phone
Email

KB Chelakkara
9383471211
kbchlkrtsr.agri@kerala.gov.in

KB Kondazhy
9383471210
kbkndzhtsr.agri@kerala.gov.in

KB Panjal
9383471209
kbpanjaltsr.agri@kerala.gov.in

KB Pazhayannur
9383471208
kbpzynrtsr.agri@kerala.gov.in

KB Thiruvilwamala
9383471206
kbtrvmlatsr.agri@kerala.gov.in

KB Vallathole Nagar
9383471207
kbvltlnrtsr.agri@kerala.gov.in

BLOCK: PUZHAKKAL


Krishibhavan Name
Phone
Email

KB Adat
9383471256
kbadattsr.agri@kerala.gov.in

KB Avanur
9383471244
kbavanurtsr.agri@kerala.gov.in

KB Ayyanthole
9383471254
kbayntletsr.agri@kerala.gov.in

KB Kaiparambu
9383471252
kbkiprmbtsr.agri@kerala.gov.in

KB Mulankunnathkavu
9383471246
kbmlkkavtsr.agri@kerala.gov.in

KB Kolazhi
9383471250
kbkolzhitsr.agri@kerala.gov.in

KB Tholur
9383471248
kbtholurtsr.agri@kerala.gov.in

BLOCK: THALIKULAM


Krishibhavan Name
Phone
Email

KB Engandiyur
9383471264
kbengyurtsr.agri@kerala.gov.in

KB Nattika
9383471257
kbnattiktsr.agri@kerala.gov.in

KB Thalikulam
9383471259
kbtlklmtsr.agri@kerala.gov.in

KB Valapad
9383471265
kbvalpdtsr.agri@kerala.gov.in

KB Vatanappilly
9383471262
kbvtpllytsr.agri@kerala.gov.in

BLOCK: VELLANGALLUR


Krishibhavan Name
Phone
Email

KB Padiyur
9383471223
kbpadyurtsr.agri@kerala.gov.in

KB Poomangalam
9383471224
kbpomglmtsr.agri@kerala.gov.in

KB Puthenchira
9383471225
kbptnchrtsr.agri@kerala.gov.in

KB Vellangallur
9383471227
kbvlnglrtsr.agri@kerala.gov.in

KB Velookkara
9383471226
kbvlokratsr.agri@kerala.gov.in

BLOCK: WADAKKANCHERY


Krishibhavan Name
Phone
Email

KB Desamangalam
9383471218
kbdsmglmtsr.agri@kerala.gov.in

KB Erumapetty
9383471216
kbermptytsr.agri@kerala.gov.in

KB Mullokkara
9383471215
kbmlokratsr.agri@kerala.gov.in

KB Mundathicode
9383471214
kbmndtcdtsr.agri@kerala.gov.in

KB Thekkumkara
9383471220
kbtkmkratsr.agri@kerala.gov.in

KB Varavoor
9383471217
kbvarvortsr.agri@kerala.gov.in

KB Wadakkanchery
9383471219
kbwdkcrytsr.agri@kerala.gov.in

BLOCK: AGALI


Krishibhavan Name
Phone
Email

KB Agali
9383471537
kbagalipkd.agri@kerala.gov.in

KB Pudur
9383471538
kbpudurpkd.agri@kerala.gov.in

KB Sholayur
9383471539
kbshlyurpkd.agri@kerala.gov.in

BLOCK: ALATHUR


Krishibhavan Name
Phone
Email

KB Alathur
9383471563
kbalthrpkd.agri@kerala.gov.in

KB Erimayur
9383471564
kbermyurpkd.agri@kerala.gov.in

KB Kannambra
9383471565
kbkanmbrpkd.agri@kerala.gov.in

KB Kavassery
9383471566
kbkvasrypkd.agri@kerala.gov.in

KB Kizhakkanchery
9383471568
kbkzkcrypkd.agri@kerala.gov.in

KB Pudukode
9383471569
kbpudkdepkd.agri@kerala.gov.in

KB Tarur
9383471570
kbtarurpkd.agri@kerala.gov.in

KB Vadakkanchery
9383471571
kbvkncrypkd.agri@kerala.gov.in

BLOCK: CHITTUR


Krishibhavan Name
Phone
Email

KB Chittur Thathamangalam
9383471541
kbchturpkd.agri@kerala.gov.in

KB Eruthiampathy
9383471542
kbermptypkd.agri@kerala.gov.in

KB Kozhinjampara
9383471544
kbkzmprapkd.agri@kerala.gov.in

KB Nallepilly
9383471545
kbnlpllypkd.agri@kerala.gov.in

KB Perumatti
9383471546
kbprumtypkd.agri@kerala.gov.in

KB Vadakarapathy
9383471550
kbvdkptypkd.agri@kerala.gov.in

KB Elapully
9383471543
kbelaplypkd.agri@kerala.gov.in

KB Polpully
9383471549
kbpolplypkd.agri@kerala.gov.in

BLOCK: KOLLENGODE


Krishibhavan Name
Phone
Email

KB Koduvayur
9383471598
kbkodvyrpkd.agri@kerala.gov.in

KB Kollengode
9383471599
kbklngdpkd.agri@kerala.gov.in

KB Muthalamada
9383471601
kbmtlmdapkd.agri@kerala.gov.in

KB Pattanchery
9383471602
kbptncrypkd.agri@kerala.gov.in

KB Peruvemba
9383471603
kbprvmbpkd.agri@kerala.gov.in

KB Pudunagaram
9383471396
kbpdngrmpkd.agri@kerala.gov.in

KB Vadavannur
9383471397
kbvdvnrpkd.agri@kerala.gov.in

BLOCK: KUZHALMANNAM


Krishibhavan Name
Phone
Email

KB Kannadi
9383471399
kbkndipkd.agri@kerala.gov.in

KB Kottayi
9383471401
kbkotayipkd.agri@kerala.gov.in

KB Kuthannur
9383471402
kbkutnurpkd.agri@kerala.gov.in

KB Kuzhalmannam
9383471403
kbkzlmnmpkd.agri@kerala.gov.in

KB Mathur
9383471404
kbmatrpkd.agri@kerala.gov.in

KB Peringotukurissi
9383471398
kbprgkrspkd.agri@kerala.gov.in

KB Thenkurissi
9383471406
kbtnkrspkd.agri@kerala.gov.in

BLOCK: MALAMPUZHA


Krishibhavan Name
Phone
Email

KB Kodumbu
9383471531
kbkodmbupkd.agri@kerala.gov.in

KB Malampuzha
9383471532
kbmlmpzapkd.agri@kerala.gov.in

KB Marutharode
9383471533
kbmrtrodpkd.agri@kerala.gov.in

KB Akathethara
9383471530
kbaktrpkd.agri@kerala.gov.in

KB Puduppariyaram
9383471534
kbpdprympkd.agri@kerala.gov.in

KB Pudussery
9383471535
kbpdusrypkd.agri@kerala.gov.in

BLOCK: MANNARKKAD


Krishibhavan Name
Phone
Email

KB Alanellur
9383471496
kbalnlrpkd.agri@kerala.gov.in

KB Karimba
9383471497
kbkarmbapkd.agri@kerala.gov.in

KB Kottoppadam
9383471498
kbkotpdmpkd.agri@kerala.gov.in

KB Kumaramputhur
9383471499
kbkrmptrpkd.agri@kerala.gov.in

KB Mannarkad
9383471501
kbmnrkadpkd.agri@kerala.gov.in

KB Pottassery
9383471502
kbpotsrypkd.agri@kerala.gov.in

KB Tachampara
9383471503
kbtcmprapkd.agri@kerala.gov.in

KB Thachanattukara
9383471504
kbtcnkrapkd.agri@kerala.gov.in

KB Thenkara
9383471505
kbthnkrapkd.agri@kerala.gov.in

BLOCK: NENMARA


Krishibhavan Name
Phone
Email

KB Ayilur
9383471574
kbayilurpkd.agri@kerala.gov.in

KB Elavanchery
9383471575
kbelvcypkd.agri@kerala.gov.in

KB Melarcode
9383471576
kbmlrcdpkd.agri@kerala.gov.in

KB Nenmara
9383471578
kbnenmrapkd.agri@kerala.gov.in

KB Pallasana
9383471579
kbpalsnapkd.agri@kerala.gov.in

KB Vandazhi
9383471580
kbvandzipkd.agri@kerala.gov.in

BLOCK: PALAKKAD


Krishibhavan Name
Phone
Email

KB Keralassery
9383471553
kbkrssrypkd.agri@kerala.gov.in

KB Kongad
9383471554
kbkngdpkd.agri@kerala.gov.in

KB Mankara
9383471556
kbmnkrpkd.agri@kerala.gov.in

KB Mannur
9383471557
kbmannurpkd.agri@kerala.gov.in

KB Mundur
9383471558
kbmundurpkd.agri@kerala.gov.in

KB Palakkad Municipality
9383471559
kbpkdmncpkd.agri@kerala.gov.in

KB Parali
9383471560
kbparalipkd.agri@kerala.gov.in

KB Pirayiri
9383471561
kbpiryripkd.agri@kerala.gov.in

BLOCK: PATTAMBI


Krishibhavan Name
Phone
Email

KB Koppam
9383471520
kbkoppampkd.agri@kerala.gov.in

KB Kulukkallur
9383471521
kbkulklrpkd.agri@kerala.gov.in

KB Muthuthala
9383471522
kbmuttlapkd.agri@kerala.gov.in

KB Ongallur
9383471523
kbonglurpkd.agri@kerala.gov.in

KB Paradur
9383471524
kbparadrpkd.agri@kerala.gov.in

KB Pattambi
9383471526
kbpatambpkd.agri@kerala.gov.in

KB Thiruvegappura
9383471527
kbtrvprapkd.agri@kerala.gov.in

KB Vilayur
9383471528
kbvlyrpkd.agri@kerala.gov.in

BLOCK: SHORNUR


Krishibhavan Name
Phone
Email

KB Ambalappara
9383471507
kbambprapkd.agri@kerala.gov.in

KB Ananganadi
9383471508
kbangndipkd.agri@kerala.gov.in

KB Chalavara
9383471509
kbchlvrapkd.agri@kerala.gov.in

KB Lakkidi Peroor
9383471510
kblakidipkd.agri@kerala.gov.in

KB Nellaya
9383471511
kbnelayapkd.agri@kerala.gov.in

KB Ottappalam
9383471512
kbotplampkd.agri@kerala.gov.in

KB Shornur Municipality
9383471513
kbshrmncpkd.agri@kerala.gov.in

KB Thrikkaderi
9383471514
kbtrkdripkd.agri@kerala.gov.in

KB Vallappuzha
9383471517
kbvalpzapkd.agri@kerala.gov.in

KB Vaniyamkulam
9383471518
kbvanklmpkd.agri@kerala.gov.in

BLOCK: SREEKRISHNAPURAM


Krishibhavan Name
Phone
Email

KB Cherpulassery
9383471590
kbcrpsrypkd.agri@kerala.gov.in

KB Kadampazhippuram
9383471591
kbkdmprmpkd.agri@kerala.gov.in

KB Karakkurissi
9383471592
kbkrksripkd.agri@kerala.gov.in

KB Karimpuzha
9383471593
kbkrmpzapkd.agri@kerala.gov.in

KB Pookkottukavu
9383471594
kbpktkvupkd.agri@kerala.gov.in

KB Sreekrishnapuram
9383471595
kbsrkprmpkd.agri@kerala.gov.in

KB Vellinezhi
9383471596
kbvlnzhpkd.agri@kerala.gov.in

BLOCK: THRITHALA


Krishibhavan Name
Phone
Email

KB Anakkara
9383471582
kbanakrapkd.agri@kerala.gov.in

KB Chalissery
9383471583
kbchlsrypkd.agri@kerala.gov.in

KB Kappur
9383471584
kbkappurpkd.agri@kerala.gov.in

KB Nagalassery
9383471585
kbnglsrypkd.agri@kerala.gov.in

KB Pattithara
9383471586
kbpthrpkd.agri@kerala.gov.in

KB Thirumittakkode
9383471587
kbtrmkdepkd.agri@kerala.gov.in

KB Thrithala
9383471588
kbthritlpkd.agri@kerala.gov.in

BLOCK: ANGADIPPURAM


Krishibhavan Name
Phone
Email

KB Kottilangadi
9383471713
kbktlngmlp.agri@kerala.gov.in

KB Kuruva
9383471714
kbkuruvamlp.agri@kerala.gov.in

KB Makkaraparamba
9383471715
kbmkpmbmlp.agri@kerala.gov.in

KB Mankada
9383471716
kbmankdamlp.agri@kerala.gov.in

KB Moorkanadu
9383471719
kbmrkndumlp.agri@kerala.gov.in

KB Puzhakkattiri
9383471720
kbpzhktrmlp.agri@kerala.gov.in

BLOCK: KALIKAVU


Krishibhavan Name
Phone
Email

KB Amarambalam
9383471768
kbamrblmmlp.agri@kerala.gov.in

KB Chokkad
9383471769
kbchokadmlp.agri@kerala.gov.in

KB Edapatta
9383471770
kbedptmlp.agri@kerala.gov.in

KB Kalikkavu
9383471772
kbkalkvumlp.agri@kerala.gov.in

KB Karulai
9383471773
kbkarulimlp.agri@kerala.gov.in

KB Karuvarakundu
9383471774
kbkrvkndmlp.agri@kerala.gov.in

KB Thuvur
9383471775
kbthuvurmlp.agri@kerala.gov.in

BLOCK: KONDOTTY


Krishibhavan Name
Phone
Email

KB Chelembra
9383471750
kbchlmbrmlp.agri@kerala.gov.in

KB Cherukavu
9383471751
kbchrkvumlp.agri@kerala.gov.in

KB Kondotty
9383471752
kbkndotymlp.agri@kerala.gov.in

KB Muthuvallur
9383471753
kbmtuvlrmlp.agri@kerala.gov.in

KB Nediyirippu
9383471754
kbndripumlp.agri@kerala.gov.in

KB Pallikkal
9383471755
kbpalkalmlp.agri@kerala.gov.in

KB Pulikkal
9383471756
kbpulkalmlp.agri@kerala.gov.in

KB Vazhakkad
9383471757
kbvazkadmlp.agri@kerala.gov.in

KB Vazhayur
9383471758
kbvazyurmlp.agri@kerala.gov.in

BLOCK: MALAPPURAM


Krishibhavan Name
Phone
Email

KB Anakkayam
9383471704
kbanakymmlp.agri@kerala.gov.in

KB Kodur
9383471705
kbkodurmlp.agri@kerala.gov.in

KB Kottakkal
9383471706
kbkotkalmlp.agri@kerala.gov.in

KB Malappuram Muncipality
9383471707
kbmpmmlp.agri@kerala.gov.in

KB Morayur
9383471708
kbmryrmlp.agri@kerala.gov.in

KB Othukkungal
9383471709
kbotkgalmlp.agri@kerala.gov.in

KB Ponmala
9383471710
kbponmlamlp.agri@kerala.gov.in

KB Pookottur
9383471711
kbpokturmlp.agri@kerala.gov.in

BLOCK: MANJERI


Krishibhavan Name
Phone
Email

KB Areacode
9383471733
kbarecodmlp.agri@kerala.gov.in

KB Cheekode
9383471734
kbchekodmlp.agri@kerala.gov.in

KB Edavanna
9383471735
kbedavnamlp.agri@kerala.gov.in

KB Kavanur
9383471736
kbkavnurmlp.agri@kerala.gov.in

KB Keezhuparamba
9383471737
kbkzupbamlp.agri@kerala.gov.in

KB Kuzhimanna
9383471738
kbkzimnamlp.agri@kerala.gov.in

KB Manjeri Muncipality
9383471739
kbmnjrmlp.agri@kerala.gov.in

KB Oorangattiri
9383471740
kborngtrmlp.agri@kerala.gov.in

KB Pulpatta
9383471741
kbpulptamlp.agri@kerala.gov.in

BLOCK: NILAMBUR


Krishibhavan Name
Phone
Email

KB Chaliyar
9383471760
kbchlyarmlp.agri@kerala.gov.in

KB Chungathara
9383471761
kbchngtrmlp.agri@kerala.gov.in

KB Edakkara
9383471762
kbedakramlp.agri@kerala.gov.in

KB Moothedam
9383471763
kbmothdmmlp.agri@kerala.gov.in

KB Nilambur Municipality
9383471764
kbnmrmncmlp.agri@kerala.gov.in

KB Pothukal
9383471765
kbpotkalmlp.agri@kerala.gov.in

KB Vazhikkadavu
9383471766
kbvazkdvmlp.agri@kerala.gov.in

BLOCK: PARAPPANANGADI


Krishibhavan Name
Phone
Email

KB Moonniyoor
9383471687
kbmonyormlp.agri@kerala.gov.in

KB Nannambra
9383471688
kbnanmbrmlp.agri@kerala.gov.in

KB Parappanagadi
9383471689
kbprpngdmlp.agri@kerala.gov.in

KB Peruvallur
9383471690
kbpruvlrmlp.agri@kerala.gov.in

KB Thenhipalam
9383471691
kbthnplmmlp.agri@kerala.gov.in

KB Thirurangadi
9383471692
kbtrngadmlp.agri@kerala.gov.in

KB Vallikunnu
9383471693
kbvlknmlp.agri@kerala.gov.in

BLOCK: PERINTHALMANNA


Krishibhavan Name
Phone
Email

KB Aliparamba
9383471722
kbalprmbmlp.agri@kerala.gov.in

KB Angadippuram
9383471723
kbangprmmlp.agri@kerala.gov.in

KB Elamkulam
9383471724
kbelmklmmlp.agri@kerala.gov.in

KB Keezhattoor
9383471725
kbkzhtrmlp.agri@kerala.gov.in

KB Melatur
9383471726
kbmelturmlp.agri@kerala.gov.in

KB Perinthalmanna
9383471728
kbprnlmnmlp.agri@kerala.gov.in

KB Pulamanthole
9383471729
kbplmntlmlp.agri@kerala.gov.in

KB Thazhekode
9383471730
kbtazkdemlp.agri@kerala.gov.in

KB Vettathur
9383471731
kbvethurmlp.agri@kerala.gov.in

BLOCK: PERUMPADAPPA


Krishibhavan Name
Phone
Email

KB Alamcode
9383471646
kbalmcdmlp.agri@kerala.gov.in

KB Maranchery
9383471647
kbmrncrymlp.agri@kerala.gov.in

KB Nannamukku
9383471648
kbnnmkkumlp.agri@kerala.gov.in

KB Perumpadappa
9383471649
kbprmpdamlp.agri@kerala.gov.in

KB Veliyamcode
9383471650
kbvlymcdmlp.agri@kerala.gov.in

BLOCK: PONMUNDAM


Krishibhavan Name
Phone
Email

KB Cheriyamundam
9383471677
kbchrmdmmlp.agri@kerala.gov.in

KB Niramaruthur
9383471679
kbnrmturmlp.agri@kerala.gov.in

KB Ozhur
9383471680
kbozhurmlp.agri@kerala.gov.in

KB Perumanna Klari
9383471681
kbpmncrmlp.agri@kerala.gov.in

KB Ponmundam
9383471682
kbpnmdammlp.agri@kerala.gov.in

KB Thanalur
9383471683
kbtnlrmlp.agri@kerala.gov.in

KB Thanur
9383471684
kbthanurmlp.agri@kerala.gov.in

KB Valavannur
9383471685
kbvlvnurmlp.agri@kerala.gov.in

BLOCK: THAVANUR


Krishibhavan Name
Phone
Email

KB Edappal
9383471652
kbedapalmlp.agri@kerala.gov.in

KB Ezhuvathiruthy
9383471653
kbezvthymlp.agri@kerala.gov.in

KB Kalady
9383471654
kbkaladymlp.agri@kerala.gov.in

KB Ponnani Municipality
9383471655
kbponmncmlp.agri@kerala.gov.in

KB Thavanur
9383471656
kbthvnurmlp.agri@kerala.gov.in

KB Vattamkulam
9383471657
kbvtmklmmlp.agri@kerala.gov.in

BLOCK: TIRUR


Krishibhavan Name
Phone
Email

KB Mangalam
9383471659
kbmnglammlp.agri@kerala.gov.in

KB Purathur
9383471660
kbprathrmlp.agri@kerala.gov.in

KB Thalakkad
9383471662
kbtalkadmlp.agri@kerala.gov.in

KB Thirunavaya
9383471663
kbtrnvyamlp.agri@kerala.gov.in

KB Tirur Muncipality
9383471664
kbtirurmlp.agri@kerala.gov.in

KB Tripangode
9383471665
kbtrpngdmlp.agri@kerala.gov.in

KB Vettom
9383471667
kbvettommlp.agri@kerala.gov.in

BLOCK: VALANCHERY


Krishibhavan Name
Phone
Email

KB Athavanadu
9383471669
kbathvndmlp.agri@kerala.gov.in

KB Edayur
9383471670
kbedayurmlp.agri@kerala.gov.in

KB Irimbiliyam
9383471671
kbirmblmmlp.agri@kerala.gov.in

KB Kalpakancherry
9383471673
kbklpcrymlp.agri@kerala.gov.in

KB Kuttippuram
9383471673
kbkutprmmlp.agri@kerala.gov.in

KB Marakkara
9383471674
kbmrakramlp.agri@kerala.gov.in

KB Valanchery
9383471675
kbvlncrymlp.agri@kerala.gov.in

BLOCK: VENGARA


Krishibhavan Name
Phone
Email

KB A R Nagar
9383471695
kbarnagrmlp.agri@kerala.gov.in

KB Edarikode
9383471696
kbedrkdemlp.agri@kerala.gov.in

KB Kannamangalam
9383471697
kbknmglmmlp.agri@kerala.gov.in

KB Oorakam
9383471698
kborakammlp.agri@kerala.gov.in

KB Parappur
9383471699
kbparpurmlp.agri@kerala.gov.in

KB Thennala
9383471701
kbthnmlamlp.agri@kerala.gov.in

KB Vengara
9383471702
kbvengramlp.agri@kerala.gov.in

BLOCK: WANDOOR


Krishibhavan Name
Phone
Email

KB Mampad
9383471743
kbmampadmlp.agri@kerala.gov.in

KB Pandikkad
9383471744
kbpndkadmlp.agri@kerala.gov.in

KB Porur
9383471745
kbporurmlp.agri@kerala.gov.in

KB Thiruvali
9383471746
kbthrvlimlp.agri@kerala.gov.in

KB Trikkalangode
9383471747
kbtrklgdmlp.agri@kerala.gov.in

KB Wandoor
9383471748
kbwandormlp.agri@kerala.gov.in

BLOCK: KAKKUR


Krishibhavan Name
Phone
Email

KB Chelannur
9383471812
kbchlnurkzd.agri@kerala.gov.in

KB Kakkodi
9383471813
kbkakodikzd.agri@kerala.gov.in

KB Kakkur
9383471814
kbkakkurkzd.agri@kerala.gov.in

KB Nanminda
9383471815
kbnammdakzd.agri@kerala.gov.in

KB Narikkuni
9383471816
kbnarkunkzd.agri@kerala.gov.in

KB Thalakulathur
9383471817
kbtalktrkzd.agri@kerala.gov.in

BLOCK: KODUVALLY


Krishibhavan Name
Phone
Email

KB Kattippara
9383471821
kbkatprakzd.agri@kerala.gov.in

KB Kizhakkoth
9383471822
kbkzhkthkzd.agri@kerala.gov.in

KB Kodenchery
9383471823
kbkdncrykzd.agri@kerala.gov.in

KB Koduvally
9383471824
kbkodvlykzd.agri@kerala.gov.in

KB Koodaranhi
9383471825
kbkodrhikzd.agri@kerala.gov.in

KB Madavoor
9383471826
kbmadvorkzd.agri@kerala.gov.in

KB Omassery
9383471827
kbomasrykzd.agri@kerala.gov.in

KB Puduppady
9383471829
kbpdupdykzd.agri@kerala.gov.in

KB Thamarassery
9383471830
kbtmrsrykzd.agri@kerala.gov.in

KB Thiruvambadi
9383471831
kbtrvmbdkzd.agri@kerala.gov.in

BLOCK: KOYILANDY


Krishibhavan Name
Phone
Email

KB Arikkulam
9383471833
kbarklmkzd.agri@kerala.gov.in

KB Changottukavu
9383471834
kbchtkavkzd.agri@kerala.gov.in

KB Chemanchery
9383471835
kbchmcrykzd.agri@kerala.gov.in

KB Koyilandy
9383471836
kbkoyldykzd.agri@kerala.gov.in

KB Mooddadi
9383471837
kbmodadikzd.agri@kerala.gov.in

BLOCK: KOZHIKKODE


Krishibhavan Name
Phone
Email

KB Beypore
9383471839
kbbeyprekzd.agri@kerala.gov.in

KB Calicut Corporation
9383471840
kbcalcutkzd.agri@kerala.gov.in

KB Cheruvannur Nallalam
9383471841
kbchrvnrkzd.agri@kerala.gov.in

KB Elathur
9383471842
kbelaturkzd.agri@kerala.gov.in

KB Feroke
9383471843
kbferokekzd.agri@kerala.gov.in

KB Kadalundi
9383471844
kbkdalndkzd.agri@kerala.gov.in

KB Olavanna
9383471845
kbolvnkzd.agri@kerala.gov.in

KB Ramanattukara
9388716171
kbrmnkrakzd.agri@kerala.gov.in

BLOCK: KUNNUMMAL


Krishibhavan Name
Phone
Email

KB Kavilumpara
9383471848
kbkvlmprkzd.agri@kerala.gov.in

KB Kayakkodi
9383471849
kbkaykdikzd.agri@kerala.gov.in

KB Kunnummel
9383471850
kbkunnmlkzd.agri@kerala.gov.in

KB Kuttiadi
9383471851
kbkutiadkzd.agri@kerala.gov.in

KB Maruthonkara
9383471852
kbmrtkrakzd.agri@kerala.gov.in

KB Narippatta
9383471853
kbnriptakzd.agri@kerala.gov.in

KB Velom
9383471854
kbvelomkzd.agri@kerala.gov.in

BLOCK: KUNNAMANGALAM


Krishibhavan Name
Phone
Email

KB Chathamangalam
9383471856
kbchmglmkzd.agri@kerala.gov.in

KB Karassery
9383471857
kbkarsrykzd.agri@kerala.gov.in

KB Kodiyathur
9383471858
kbkodytrkzd.agri@kerala.gov.in

KB Kunnamangalam
9383471859
kbknmglmkzd.agri@kerala.gov.in

KB Kuruvattoor
9383471860
kbkrvtrkzd.agri@kerala.gov.in

KB Mavoor
9383471861
kbmavoorkzd.agri@kerala.gov.in

KB Mukkom
9383471862
kbmukkomkzd.agri@kerala.gov.in

KB Perumanna
9383471863
kbprumnakzd.agri@kerala.gov.in

KB Peruvayal
9383471864
kbpruvylkzd.agri@kerala.gov.in

BLOCK: PERAMBRA


Krishibhavan Name
Phone
Email

KB Chakkittapara
9383471866
kbcktprakzd.agri@kerala.gov.in

KB Changaroth
9383471867
kbcngrkzd.agri@kerala.gov.in

KB Cheruvannur
9383471868
kbchenurkzd.agri@kerala.gov.in

KB Kayanna
9383471869
kbkayanakzd.agri@kerala.gov.in

KB Koothali
9383471870
kbkotalikzd.agri@kerala.gov.in

KB Nochad
9383471871
kbnochadkzd.agri@kerala.gov.in

KB Perambra
9383471872
kbprmbrakzd.agri@kerala.gov.in

BLOCK: THIKKODY


Krishibhavan Name
Phone
Email

KB Keezhariyur
9383471874
kbkezhyrkzd.agri@kerala.gov.in

KB Meppayur
9383471875
kbmpzyurkzd.agri@kerala.gov.in

KB Payyoli
9383471876
kbpayolikzd.agri@kerala.gov.in

KB Thikkody
9383471877
kbthikdykzd.agri@kerala.gov.in

KB Thurayur
9383471878
kbthryurkzd.agri@kerala.gov.in

BLOCK: THODANNUR


Krishibhavan Name
Phone
Email

KB Ayanchery
9383471880
kbayncrykzd.agri@kerala.gov.in

KB Maniyur
9383471882
kbmanyurkzd.agri@kerala.gov.in

KB Thiruvallur
9383471883
kbtruvlrkzd.agri@kerala.gov.in

KB Villiappalli
9383471884
kbvlapplkzd.agri@kerala.gov.in

BLOCK: TUNERI


Krishibhavan Name
Phone
Email

KB Chekkiad
9383471886
kbchekadkzd.agri@kerala.gov.in

KB Edachery
9383471887
kbedacrykzd.agri@kerala.gov.in

KB Nadapuram
9383471889
kbnadprmkzd.agri@kerala.gov.in

KB Purameri
9383471890
kbpramrikzd.agri@kerala.gov.in

KB Tuneri
9383471891
kbtunerikzd.agri@kerala.gov.in

KB Valayam
9383471892
kbvalyamkzd.agri@kerala.gov.in

KB Vanimal
9383471893
kbvanmalkzd.agri@kerala.gov.in

BLOCK: BALUSSERY


Krishibhavan Name
Phone
Email

KB Atholi
9383471895
kbatholikzd.agri@kerala.gov.in

KB Balusseri
9383471898
kbbalsrykzd.agri@kerala.gov.in

KB Koorachundu
9383471897
kbkorcndkzd.agri@kerala.gov.in

KB Kottoor
9383471898
kbkottorkzd.agri@kerala.gov.in

KB Naduvannur
9383471899
kbnadvnrkzd.agri@kerala.gov.in

KB Panangad
9383471901
kbpangadkzd.agri@kerala.gov.in

KB Ulliyeri
9383471902
kbuliyrikzd.agri@kerala.gov.in

KB Unnikulam
9383471903
kbunnklmkzd.agri@kerala.gov.in

BLOCK: VATAKARA


Krishibhavan Name
Phone
Email

KB Azhiyur
9383471905
kbazhyurkzd.agri@kerala.gov.in

KB Chorode
9383471906
kbchrodekzd.agri@kerala.gov.in

KB Eramala
9383471907
kberamlakzd.agri@kerala.gov.in

KB Onchiyam
9383471908
kbonchymkzd.agri@kerala.gov.in

KB Vadakara Muncipality
9383471909
kbvdkrkzd.agri@kerala.gov.in

BLOCK: KALPETTA


Krishibhavan Name
Phone
Email

KB Kalpetta
9383471928
kbklptwyd.agri@kerala.gov.in

KB Kottathara
9383471930
kbkotrawyd.agri@kerala.gov.in

KB Meppadi
9383471931
kbmepadiwyd.agri@kerala.gov.in

KB Moopainad
9383471932
kbmopndwyd.agri@kerala.gov.in

KB Muttil
9383471933
kbmuttilwyd.agri@kerala.gov.in

KB Padinharathara
9383471934
kbpdnthrwyd.agri@kerala.gov.in

KB Pozhutthana
9383471935
kbpoztnzwyd.agri@kerala.gov.in

KB Thariode
9383471936
kbtarodewyd.agri@kerala.gov.in

KB Vengappally
9383471937
kbvngplywyd.agri@kerala.gov.in

KB Vythiri
9383471938
kbvythriwyd.agri@kerala.gov.in

BLOCK: MANANTHAVADY


Krishibhavan Name
Phone
Email

KB Edavaka
9383471940
kbedvkwyd.agri@kerala.gov.in

KB Mananthavady
9383471941
kbmntvdywyd.agri@kerala.gov.in

KB Thavinhal
9383471942
kbthvhalwyd.agri@kerala.gov.in

KB Thirunelly
9383471943
kbthrnlywyd.agri@kerala.gov.in

KB Thondernad
9383471944
kbthndrdwyd.agri@kerala.gov.in

KB Vellamunda
9383471945
kbvlmndawyd.agri@kerala.gov.in

BLOCK: PANAMARAM


Krishibhavan Name
Phone
Email

KB Kaniyambetta
9383471948
kbknybtawyd.agri@kerala.gov.in

KB Mullankolly
9383471949
kbmlnklywyd.agri@kerala.gov.in

KB Panamaram
9383471950
kbpnmramwyd.agri@kerala.gov.in

KB Poothadi
9383471951
kbpothdiwyd.agri@kerala.gov.in

KB Pulpally
9383471952
kbpulplywyd.agri@kerala.gov.in

BLOCK: SULTHAN BATHERY


Krishibhavan Name
Phone
Email

KB Ambalavayal
9383471954
kbambvylwyd.agri@kerala.gov.in

KB Meenangadi
9383471955
kbmngdwyd.agri@kerala.gov.in

KB Nenmeni
9383471956
kbnenmnwyd.agri@kerala.gov.in

KB Noolpuzha
9383471957
kbnolpzawyd.agri@kerala.gov.in

KB Sulthan Bathery
9383471958
kbslnbrywyd.agri@kerala.gov.in

BLOCK: EDAKKAD


Krishibhavan Name
Phone
Email

KB Chembilode
9383472126
kbchmbldknr.agri@kerala.gov.in

KB Chelora
9383472125
kbchloraknr.agri@kerala.gov.in

KB Edakkad
9383472129
kbedakadknr.agri@kerala.gov.in

KB Elayavoor
9383472130
kbelyvorknr.agri@kerala.gov.in

KB Kadambur
9383472134
kbkdmburknr.agri@kerala.gov.in

KB Kolachery
9383472135
kbklacryknr.agri@kerala.gov.in

KB Munderi
9383472137
kbmundriknr.agri@kerala.gov.in

KB Peralasseri
9383472140
kbprlsriknr.agri@kerala.gov.in

BLOCK: IRIKKUR


Krishibhavan Name
Phone
Email

KB Eruvassy
9383472182
kbervssyknr.agri@kerala.gov.in

KB Irikkur
9383472196
kbirikurknr.agri@kerala.gov.in

KB Kuttiatoor
9383472190
kbkutatrknr.agri@kerala.gov.in

KB Malapattam
9383472189
kbmalptmknr.agri@kerala.gov.in

KB Mayyil
9383472192
kbmayyilknr.agri@kerala.gov.in

KB Padiyur
9383472186
kbpadyurknr.agri@kerala.gov.in

KB Payyavoor
9383472195
kbpyavorknr.agri@kerala.gov.in

KB Sreekantapuram
9383472184
kbsrkprmknr.agri@kerala.gov.in

KB Ulikkal
9383472180
kbulikalknr.agri@kerala.gov.in

BLOCK: IRITTY


Krishibhavan Name
Phone
Email

KB Aralam
9383472212
kbaralamknr.agri@kerala.gov.in

KB Ayyankunnu
9383472213
kbaynknuknr.agri@kerala.gov.in

KB Keezhallur
9383472215
kbkezlurknr.agri@kerala.gov.in

KB Keezhur Chavasseri
9383472217
kbkzrcsrknr.agri@kerala.gov.in

KB Koodali
9383472215
kbkodaliknr.agri@kerala.gov.in

KB Mattanur
9383472230
kbmatnurknr.agri@kerala.gov.in

KB Payam
9383472204
kbpayamknr.agri@kerala.gov.in

KB Thillankeri
9383472207
kbtlnkriknr.agri@kerala.gov.in

BLOCK: KALLIASSERY


Krishibhavan Name
Phone
Email

KB Cherukunnu
9383472201
kbchrknuknr.agri@kerala.gov.in

KB Cheruthazham
9383472165
kbchrzamknr.agri@kerala.gov.in

KB Ezhome
9383472161
kbezhomeknr.agri@kerala.gov.in

KB Kalliasseri
9383472163
kbkalsriknr.agri@kerala.gov.in

KB Kannapuram
9383472157
kbkanprmknr.agri@kerala.gov.in

KB Madayi
9383472155
kbmadayiknr.agri@kerala.gov.in

KB Matool
9383472160
kbmatoolknr.agri@kerala.gov.in

KB Narath
9383472156
kbnarathknr.agri@kerala.gov.in

BLOCK: KANNUR


Krishibhavan Name
Phone
Email

KB Azhikode
9383472142
kbazhkdeknr.agri@kerala.gov.in

KB Chirakkal
9383472144
kbchrkalknr.agri@kerala.gov.in

KB Kannur
9383472145
kbkannurknr.agri@kerala.gov.in

KB Pallikunnu
9383472150
kbpalknuknr.agri@kerala.gov.in

KB Pappinisseri
9383472151
kbpapsriknr.agri@kerala.gov.in

KB Puzhathi
9383472148
kbpuzhatknr.agri@kerala.gov.in

KB Valapattanam
9383472153
kbvlptnmknr.agri@kerala.gov.in

BLOCK: KUTHUPARAMBA


Krishibhavan Name
Phone
Email

KB Chittariparamb
9383472236
kbchrpmbknr.agri@kerala.gov.in

KB Kottayam Malabar
9383472245
kbktmmbrknr.agri@kerala.gov.in

KB Kunnothparamb
9383472242
kbkunpmbknr.agri@kerala.gov.in

KB Kuthuparamb
9383472231
kbkutpmbknr.agri@kerala.gov.in

KB Mangattidam
9383472238
kbmngtdmknr.agri@kerala.gov.in

KB Pattiam
9383472240
kbpatiamknr.agri@kerala.gov.in

KB Trippangottur
9383472247
kbtrpgtrknr.agri@kerala.gov.in

BLOCK: PANOOR


Krishibhavan Name
Phone
Email

KB Chokli
9383472094
kbchokliknr.agri@kerala.gov.in

KB Kadirur
9383472099
kbkadrurknr.agri@kerala.gov.in

KB Kariyad
9383472097
kbkaryadknr.agri@kerala.gov.in

KB Mokeri
9383472086
kbmokeriknr.agri@kerala.gov.in

KB Panniyannur
9383472091
kbpanynrknr.agri@kerala.gov.in

KB Panoor
9383472088
kbpanoorknr.agri@kerala.gov.in

KB Peringalam
9383472092
kbprnglmknr.agri@kerala.gov.in

BLOCK: PAYYANNUR


Krishibhavan Name
Phone
Email

KB Cherupuzha
9383472265
kbchrpzaknr.agri@kerala.gov.in

KB Eramam Kutoor
9383472250
kbermktrknr.agri@kerala.gov.in

KB Kankole
9383472260
kbknkoleknr.agri@kerala.gov.in

KB Karivellur
9383472257
kbkarvlrknr.agri@kerala.gov.in

KB Kunhimangalam
9383472259
kbkunglmknr.agri@kerala.gov.in

KB Payyannur
9383472251
kbpyanurknr.agri@kerala.gov.in

KB Peringome
9383472252
kbprngmeknr.agri@kerala.gov.in

KB Ramanthali
9383472262
kbramtliknr.agri@kerala.gov.in

BLOCK: PERAVOOR


Krishibhavan Name
Phone
Email

KB Kanichar
9383472166
kbkanchrknr.agri@kerala.gov.in

KB Kelakam
9383472177
kbklakamknr.agri@kerala.gov.in

KB Kolayad
9383472174
kbkolyadknr.agri@kerala.gov.in

KB Kottiyur
9383472176
kbkotyurknr.agri@kerala.gov.in

KB Malur
9383472167
kbmalurknr.agri@kerala.gov.in

KB Muzhakkunnu
9383472170
kbmzhknuknr.agri@kerala.gov.in

KB Peravoor
9383472172
kbpravorknr.agri@kerala.gov.in

BLOCK: THALASSERY


Krishibhavan Name
Phone
Email

KB Anjarakandy
9383472114
kbanjkdyknr.agri@kerala.gov.in

KB Dharmadam
9383472102
kbdhrmdmknr.agri@kerala.gov.in

KB Eranholi
9383472104
kbernholknr.agri@kerala.gov.in

KB Kodiyeri
9383472107
kbkodyriknr.agri@kerala.gov.in

KB Muzhappilangad
9383472103
kbmzplgdknr.agri@kerala.gov.in

KB New Mahe
9383472110
kbnewmheknr.agri@kerala.gov.in

KB Pinarayi
9383472119
kbpnrayiknr.agri@kerala.gov.in

KB Thalasseri
9383472117
kbthlsryknr.agri@kerala.gov.in

KB Vengad
9383472376
kbvengadknr.agri@kerala.gov.in

BLOCK: THALIPARAMBA


Krishibhavan Name
Phone
Email

KB Alakode
9383472082
kbalakdeknr.agri@kerala.gov.in

KB Andhur
9383472065
kbandhurknr.agri@kerala.gov.in

KB Chapparapadavu
9383472072
kbcppdavknr.agri@kerala.gov.in
BLOCK: KATTAKADA
KB Chengalayi
9383472076
kbchnglyknr.agri@kerala.gov.in

KB Kadannappalli
9383472080
kbkdnpalknr.agri@kerala.gov.in

KB Kurumathur
9383472078
kbkrmthrknr.agri@kerala.gov.in

KB Naduvil
9383472074
kbnadvilknr.agri@kerala.gov.in

KB Pariyaram
9383472071
kbpryramknr.agri@kerala.gov.in

KB Pattuvam
9383472068
kbpatvamknr.agri@kerala.gov.in

KB Taliparamba
9383472066
kbtlprmbknr.agri@kerala.gov.in

KB Udayagiri
9383472085
kbudygriknr.agri@kerala.gov.in

BLOCK: KANHANGAD


Krishibhavan Name
Phone
Email

KB Ajanur
9383472305
kbajanurksd.agri@kerala.gov.in

KB Kanhangad Municipality
9383472297
kbkhngadksd.agri@kerala.gov.in

KB Madikai
9383472302
kbmadkaiksd.agri@kerala.gov.in

KB Pallikkara
9383472377
kbplkkraksd.agri@kerala.gov.in

KB Pullur Periya
9383472307
kbplrpyaksd.agri@kerala.gov.in

KB Uduma
9383472308
kbudumaksd.agri@kerala.gov.in

BLOCK: KARADKA


Krishibhavan Name
Phone
Email

KB Bedadka
9383472268
kbbedakaksd.agri@kerala.gov.in

KB Bellur
9383472270
kbbellurksd.agri@kerala.gov.in

KB Delampady
9383472271
kbdlmpdyksd.agri@kerala.gov.in

KB Karadka
9383472273
kbkardkaksd.agri@kerala.gov.in

KB Kumbadaje
9383472275
kbkmbdjeksd.agri@kerala.gov.in

KB Kuttikkol
9383472278
kbkutkolksd.agri@kerala.gov.in

KB Muliyar
9383472280
kbmulyarksd.agri@kerala.gov.in

BLOCK: KASARGOD


Krishibhavan Name
Phone
Email

KB Bediadka
9383472319
kbbedikaksd.agri@kerala.gov.in

KB Chemnad
9383472312
kbchmnadksd.agri@kerala.gov.in

KB Chengala
9383472321
kbcnglksd.agri@kerala.gov.in

KB Kasaragod Municipality
9383472310
kbksdmncksd.agri@kerala.gov.in

KB Kumbla
9383472315
kbkumblaksd.agri@kerala.gov.in

KB Madhur
9383472325
kbmadhurksd.agri@kerala.gov.in

KB Mogralputhur
9383472316
kbmglptrksd.agri@kerala.gov.in

BLOCK: MANJESHWAR


Krishibhavan Name
Phone
Email

KB Enmakaje
9383472295
kbenmkjeksd.agri@kerala.gov.in

KB Mangalpady
9383472292
kbmngpdyksd.agri@kerala.gov.in

KB Manjeshwar
9383472283
kbmnjswrksd.agri@kerala.gov.in

KB Meenja
9383472286
kbmeenjaksd.agri@kerala.gov.in

KB Paivalike
9383472290
kbpvalkeksd.agri@kerala.gov.in

KB Puthige
9383472294
kbputhgeksd.agri@kerala.gov.in

KB Vorkady
9383472285
kbvorkdyksd.agri@kerala.gov.in

BLOCK: NILESHWAR


Krishibhavan Name
Phone
Email

KB Cheruvathur
9383472326
kbchrvhrksd.agri@kerala.gov.in

KB Kayyoor Cheemeni
9383472331
kbkyrcmnksd.agri@kerala.gov.in

KB Nileshwar
9383472334
kbnlswarksd.agri@kerala.gov.in

KB Padane
9383472338
kbpadaneksd.agri@kerala.gov.in

KB Pilicode
9383472336
kbplicdeksd.agri@kerala.gov.in

KB Trikaripur
9383472328
kbtrkrprksd.agri@kerala.gov.in

KB Valiyaparamba
9383472341
kbvlypbaksd.agri@kerala.gov.in

BLOCK: PARAPPA


Krishibhavan Name
Phone
Email

KB Balal
9383472351
kbbalalksd.agri@kerala.gov.in

KB East Eleri
9383472352
kbestelrksd.agri@kerala.gov.in

KB Kallar
9383472355
kbkallarksd.agri@kerala.gov.in

KB Kinanur Karindalam
9383472357
kbkkndlmksd.agri@kerala.gov.in

KB Kodom Belur
9383472356
kbkdmblrksd.agri@kerala.gov.in

KB Panathady
9383472354
kbpantdyksd.agri@kerala.gov.in

KB West Eleri
9383472353
kbwstelrksd.agri@kerala.gov.in