Question,Answer
What are the government schemes available for vegetable cultivation?,There are various government schemes available for vegetable cultivation in Kerala such as the Rashtriya Krishi Vikas Yojana (RKVY), National Horticulture Mission (NHM), Kissan Credit Card (KCC), and Pradhan Mantri Fasal Bima Yojana (PMFBY).
How can I apply for these schemes?,You can apply for these schemes through the respective government departments or agencies. For example, RKVY and NHM are implemented by the Department of Agriculture and Farmers Welfare, while KCC is offered by banks, and PMFBY is implemented by the Agriculture Insurance Company of India Limited (AIC).
What is the subsidy available for vegetable cultivation?,The subsidy available for vegetable cultivation may vary depending on the scheme and the type of vegetable being cultivated. For example, under RKVY, a subsidy of 50% of the cost of cultivation is provided for vegetables such as tomato, chilli, and brinjal. Under NHM, a subsidy of up to 50% of the cost of inputs is provided for cultivation of vegetables in protected cultivation such as greenhouse, shade net, and polyhouse.
What are the recommended vegetable crops for cultivation in Kerala?,Some of the recommended vegetable crops for cultivation in Kerala include tomato, brinjal, chilli, cucumber, bitter gourd, pumpkin, beans, and okra.
How can I get technical guidance for vegetable cultivation?,You can get technical guidance for vegetable cultivation by contacting the Department of Agriculture or Horticulture, or by attending training programs conducted by these departments. Additionally, you can also seek guidance from agricultural scientists or experts in your local area.
What are the common pests and diseases in vegetable cultivation and how can I control them?,Common pests and diseases in vegetable cultivation include aphids, thrips, mites, powdery mildew, and bacterial wilt. You can control them by using biocontrol agents, pesticides, or by adopting cultural practices such as crop rotation, use of resistant varieties, and sanitation practices. It is important to follow the recommended practices for pest and disease management to avoid the risk of pesticide residue and other negative impacts on the environment and human health.
What are the best practices for soil preparation for vegetable cultivation?,The best practices for soil preparation for vegetable cultivation include land leveling, removal of debris and rocks, plowing, and addition of organic matter such as compost or manure. The soil should be tested for nutrient content and pH levels, and appropriate fertilizers and lime should be added to achieve optimal soil fertility and pH.
What are the irrigation requirements for vegetable crops?,The irrigation requirements for vegetable crops depend on various factors such as the crop type, soil type, weather conditions, and stage of growth. Generally, vegetables require frequent and adequate irrigation to maintain optimal moisture levels in the soil. Drip irrigation and sprinkler irrigation are some of the efficient methods of irrigation for vegetable crops.
What are the post-harvest handling practices for vegetables?,Post-harvest handling practices for vegetables include proper harvesting techniques, sorting, grading, washing, and packaging. Vegetables should be handled carefully to avoid damage and bruising. Proper storage conditions such as cool temperatures and low humidity should be maintained to ensure freshness and prevent spoilage.
What are the marketing options available for vegetable crops?,Marketing options for vegetable crops include selling the produce at the local market, to wholesale buyers, or through contract farming agreements. Farmers can also sell their produce through online marketplaces or by setting up their own retail outlets. It is important to select the appropriate marketing channel based on factors such as crop type, location, and market demand.
What are the best practices for soil preparation for vegetable cultivation?,"The best practices for soil preparation for vegetable cultivation include land leveling, removal of debris and rocks, plowing, and addition of organic matter such as compost or manure. The soil should be tested for nutrient content and pH levels, and appropriate fertilizers and lime should be added to achieve optimal soil fertility and pH."
What are the irrigation requirements for vegetable crops?,"The irrigation requirements for vegetable crops depend on various factors such as the crop type, soil type, weather conditions, and stage of growth. Generally, vegetables require frequent and adequate irrigation to maintain optimal moisture levels in the soil. Drip irrigation and sprinkler irrigation are some of the efficient methods of irrigation for vegetable crops."
What are the post-harvest handling practices for vegetables?,"Post-harvest handling practices for vegetables include proper harvesting techniques, sorting, grading, washing, and packaging. Vegetables should be handled carefully to avoid damage and bruising. Proper storage conditions such as cool temperatures and low humidity should be maintained to ensure freshness and prevent spoilage."
What are the marketing options available for vegetable crops?,"Marketing options for vegetable crops include selling the produce at the local market, to wholesale buyers, or through contract farming agreements. Farmers can also sell their produce through online marketplaces or by setting up their own retail outlets. It is important to select the appropriate marketing channel based on factors such as crop type, location, and market demand."
